,url
0,https://artsandculture.google.com/asset/ph-455-clyfford-still/9AGC1bGRwZxc2Q
1,https://artsandculture.google.com/asset/evening-rendezvous/qQEzHvJSTg6zxA
2,https://artsandculture.google.com/asset/dos-personajes-atacados-por-perros/lgFpkU9F0eZ-pQ
3,https://artsandculture.google.com/asset/UgHgYhPexn1v9A
4,https://artsandculture.google.com/asset/sukarno-arrival/8wHRvZnjwUHutw
5,https://artsandculture.google.com/asset/ph-945/4gED_I5TDMb33g
6,https://artsandculture.google.com/asset/flu-epidemic/0QHlrTCLpWdlpw
7,https://artsandculture.google.com/asset/1AFJZ5oR3DHsoA
8,https://artsandculture.google.com/asset/bacchus-3/NgEMFaAg_FuLCw
9,https://artsandculture.google.com/asset/CwHvvngsQm68Zg
10,https://artsandculture.google.com/asset/bgFzc5Yyk1l5Cw
11,https://artsandculture.google.com/asset/ph-401/CQF1gIUY7u4gZA
12,https://artsandculture.google.com/asset/dorothy-dandridge-tarzans-pearl-1951/1QGfANJ-vzTZXw
13,https://artsandculture.google.com/asset/rackete-committee/4wG0hjGfaf8tsg
14,https://artsandculture.google.com/asset/8wFhiB9uNgdoBw
15,https://artsandculture.google.com/asset/DwF12LKs_1-oag
16,https://artsandculture.google.com/asset/ph-369/dwGWfDaMPLm0Vg
17,https://artsandculture.google.com/asset/ava-gardner-in-north-carolina/gAFNyJHTsPQn1g
18,https://artsandculture.google.com/asset/ph-972/8AFOEbbdynUdlw
19,https://artsandculture.google.com/asset/marlon-brando-the-men/KAF4u6wQVXu7_g
20,https://artsandculture.google.com/asset/senate-labor-rackets-committee/CQGX2Joi857vdw
21,https://artsandculture.google.com/asset/marlon-brando-the-men/8QEYgCul8W-PbQ
22,https://artsandculture.google.com/asset/marlon-brando-the-men/OAE6u2HSVUlCtQ
23,https://artsandculture.google.com/asset/marlon-brando-the-men/7gEFuc-id5_DPA
24,https://artsandculture.google.com/asset/NQEDZvH7KNWK5g
25,https://artsandculture.google.com/asset/BQGyCdZgaHLGsA
26,https://artsandculture.google.com/asset/lgEJzRljhjc2og
27,https://artsandculture.google.com/asset/sen-jack-kennedy-family/mAEQqtZKm3EFWw
28,https://artsandculture.google.com/asset/mamie-eisenhower/CwEmtufrvLC_zw
29,https://artsandculture.google.com/asset/marilyn-monroe/KgEpUR97cIEzFg
30,https://artsandculture.google.com/asset/gentlemen-prefer-blondes/-wEzFqxvycYGLA
31,https://artsandculture.google.com/asset/marilyn-monroe/dAHKj78vQGM_7w
32,https://artsandculture.google.com/asset/marlon-brando-the-men/QwH3wno4KsAhag
33,https://artsandculture.google.com/asset/mamie-eisenhower/kwHpyiUAoqezQA
34,https://artsandculture.google.com/asset/senator-jack-kennedy-and-family/CQFNiuaOaGQToA
35,https://artsandculture.google.com/asset/marlon-brando-the-men/rAFIdGWHE4FVBQ
36,https://artsandculture.google.com/asset/senator-jack-kennedy-and-family/5AEKcVhZaEOhxw
37,https://artsandculture.google.com/asset/marilyn-monroe/qQFibYa5W6mjSg
38,https://artsandculture.google.com/asset/marilyn-monroe/YgFXbKCEr0yn9g
39,https://artsandculture.google.com/asset/8wEa0JoALG9IXw
40,https://artsandculture.google.com/asset/marilyn-monroe/gAGk4N8KqRxuSw
41,https://artsandculture.google.com/asset/cumberland-flood/_QHt-Akf93-d3g
42,https://artsandculture.google.com/asset/marlon-brando-the-men/9AGUBRckERtTAg
43,https://artsandculture.google.com/asset/watery-paths-sentieri-ondulati/PQG0v4l2QsUtvA
44,https://artsandculture.google.com/asset/polar-stampede-1960-pollock-krasner-foundation/XAF6HB_KBobfGA
45,https://artsandculture.google.com/asset/8AHtq1eN6em50Q
46,https://artsandculture.google.com/asset/bacchus-30/gwEIlBuoa3cwKg
47,https://artsandculture.google.com/asset/ph-118/qAHiNE2K8pPMNQ
48,https://artsandculture.google.com/asset/nancy-estes-kefaufer/PwF0ehr85OLg5Q
49,https://artsandculture.google.com/asset/dorothy-dandridge-tarzans-pearl-1951/tQE8zL2_GSBXRg
50,https://artsandculture.google.com/asset/senator-jack-kennedy-and-family/JwEvosEKOFDmnQ
51,https://artsandculture.google.com/asset/air-force-birthday/ywEFDBW015FDvw
52,https://artsandculture.google.com/asset/9gH-rtg3bX1enQ
53,https://artsandculture.google.com/asset/pres-sukarno/0gGcl38Dp1BibA
54,https://artsandculture.google.com/asset/LgHVOwz8TDJLuQ
55,https://artsandculture.google.com/asset/woman-ochre-with-reunited-edges-2022-the-willem-de-kooning-foundation-ars-new-york/9QEIXn3kGcvKcw
56,https://artsandculture.google.com/asset/marlon-brando-the-men/egHpwc3OMCJ0Dg
57,https://artsandculture.google.com/asset/pres-sukarno/JwHcrfVQtG_8dw
58,https://artsandculture.google.com/asset/atlanta-teenagers/GAFsWb0BUqsTzQ
59,https://artsandculture.google.com/asset/marilyn-monroe/dwHymcTWR_eHmQ
60,https://artsandculture.google.com/asset/prophecy-1956-pollock-krasner-foundation/jAGhydFm6sSNsw
61,https://artsandculture.google.com/asset/amanda-blake-modeling-nylon-dresses/wAHc0p7mHaEXdA
62,https://artsandculture.google.com/asset/2wFLWDBsuL_AyA
63,https://artsandculture.google.com/asset/woman-ochre-19541955-under-raked-light-2022-the-willem-de-kooning-foundation-ars-new-york/QQEPwzRrNyWPGQ
64,https://artsandculture.google.com/asset/ikes-arrival-in-washington/xgF62NGBSBJalA
65,https://artsandculture.google.com/asset/gwHaa8oK7gxX-Q
66,https://artsandculture.google.com/asset/RgEHG5FrHPpZyg
67,https://artsandculture.google.com/asset/woman-ochre-2022-the-willem-de-kooning-foundation-ars-new-york/fwHlHkRgJd1EWg
68,https://artsandculture.google.com/asset/yQGLCBIPhhujQA
69,https://artsandculture.google.com/asset/television-in-hollywood/9gHkgkv6UD6LAg
70,https://artsandculture.google.com/asset/_wF3-kKjAQ4U1A
71,https://artsandculture.google.com/asset/EAFfGmGdM66gUg
72,https://artsandculture.google.com/asset/pres-sukarno-of-indonesia/WgE8Mbtf5wefnQ
73,https://artsandculture.google.com/asset/marlon-brando-the-men/0wGmCHOtGpGHNQ
74,https://artsandculture.google.com/asset/ph-247/UwFJ_OAJvCBv2Q
75,https://artsandculture.google.com/asset/city-landscape/TgGn5m1044DkQg
76,https://artsandculture.google.com/asset/kennedy-eisenhower/2AEEhiT_DmFkkA
77,https://artsandculture.google.com/asset/ph-929/tgGDIwxGuX4y6Q
78,https://artsandculture.google.com/asset/QAFwMOoBKfXs5A
79,https://artsandculture.google.com/asset/YAF_jXyJJTBL6A
80,https://artsandculture.google.com/asset/marilyn-monroe/sAGj0O08tCAUlQ
81,https://artsandculture.google.com/asset/KwHcNyNo1dxRLw
82,https://artsandculture.google.com/asset/thurgood-marshall/RgG1-wTGLLRD1Q
83,https://artsandculture.google.com/asset/cr-ed-clark/TAHpq6u3vhSIvQ
84,https://artsandculture.google.com/asset/elizabeth-taylors-wedding-to-nick-hilton/8gF7oVbdJkRq0Q
85,https://artsandculture.google.com/asset/imperative-1976-pollock-krasner-foundation/rAGfNlNTl_1inw
86,https://artsandculture.google.com/asset/pres-sukarno/6AEEgzYtg1k0qQ
87,https://artsandculture.google.com/asset/ku-klux-klan/2AEIS2McO3vUMw
88,https://artsandculture.google.com/asset/NgHvXjjsXNQJig
89,https://artsandculture.google.com/asset/taylor-hilton-wedding/aQEo9wxRss7WrQ
90,https://artsandculture.google.com/asset/untitled/jAHgrnvOfcW3cA
91,https://artsandculture.google.com/asset/gentlemen-prefer-blondes/7gH08vfF78FRHQ
92,https://artsandculture.google.com/asset/UQEnQRpax5UQkA
93,https://artsandculture.google.com/asset/ku-klux-klan/CgH96o58PNtRLA
94,https://artsandculture.google.com/asset/ku-klux-klan/-gHAnsXtK8CuuA
95,https://artsandculture.google.com/asset/sukarno-arrival/vQHQnV6fU8lfYQ
96,https://artsandculture.google.com/asset/aAFHLsfi4wxqNg
97,https://artsandculture.google.com/asset/9AGyuK3cE8B78g
98,https://artsandculture.google.com/asset/ph-129/FwHVp26mrlpKfQ
99,https://artsandculture.google.com/asset/spring-on-the-farm/QQHyye3SK1mx8A
100,https://artsandculture.google.com/asset/robert-kennedy-family/3QH7xy8Darn4hA
101,https://artsandculture.google.com/asset/the-american-worker/4gHQcV2l5HL-CQ
102,https://artsandculture.google.com/asset/cheesecake/2gF_aR4g-wnVPg
103,https://artsandculture.google.com/asset/flight-in-pink/GgG53DrpisknrQ
104,https://artsandculture.google.com/asset/gentlemen-prefer-blondes/_gHQ0dO1sVgXSQ
105,https://artsandculture.google.com/asset/carousel-movie/awGx18z36CRCOA
106,https://artsandculture.google.com/asset/ku-klux-klan/WAGYaKg9lw-HcA
107,https://artsandculture.google.com/asset/marilyn-monroe/lwEjvtPSAOc_dg
108,https://artsandculture.google.com/asset/PwGz8cqEgMbYNw
109,https://artsandculture.google.com/asset/3AFqV1H8Al8dJg
110,https://artsandculture.google.com/asset/1QFLEX9grm3ZuA
111,https://artsandculture.google.com/asset/oQF4Ga6WZvTG-A
112,https://artsandculture.google.com/asset/robert-kennedy-family/OQGoCC9OitKPzA
113,https://artsandculture.google.com/asset/ygE34Nbktxtd7A
114,https://artsandculture.google.com/asset/seattle-political/GgE5Q01GD0ID9A
115,https://artsandculture.google.com/asset/marlon-brando-the-men/4wGfAOcniMm18g
116,https://artsandculture.google.com/asset/mickey-cohen/HgEtdmLZt-I-8Q
117,https://artsandculture.google.com/asset/ph-1007/DgENoeuegiSUGg
118,https://artsandculture.google.com/asset/7AHp45ffifjeiA
119,https://artsandculture.google.com/asset/mrs-powers-press-conference/fAE862XDMK_gyA
120,https://artsandculture.google.com/asset/marlon-brando-the-men/sgF5L9VXBen6Lg
121,https://artsandculture.google.com/asset/EAFRk9zR7Y90ZQ
122,https://artsandculture.google.com/asset/0gFTwFRzNncAgg
123,https://artsandculture.google.com/asset/integration/GgGHe1g-0d79yQ
124,https://artsandculture.google.com/asset/integration/BwFrXSo0XxyCHg
125,https://artsandculture.google.com/asset/2AHPJF7oCHQ0Tw
126,https://artsandculture.google.com/asset/pres-sukarno-of-indonesia/7wFIkldAesatSg
127,https://artsandculture.google.com/asset/belle-of-new-york-movie/hQEfCWOYJYit5A
128,https://artsandculture.google.com/asset/nAGmu7twztMxNw
129,https://artsandculture.google.com/asset/gentlemen-prefer-blondes/fgEYBxlDiTwq6g
130,https://artsandculture.google.com/asset/ph-1034/3wFXsYqmoLj9UA
131,https://artsandculture.google.com/asset/XgFwz5zG_Yb42Q
132,https://artsandculture.google.com/asset/taylor-hilton-wedding/-gHhfgPHFPpJKg
133,https://artsandculture.google.com/asset/gentlemen-prefer-blondes/MwGCVAKYQ5qfdg
134,https://artsandculture.google.com/asset/academy-awards/UQHoPTZuGfylEg
135,https://artsandculture.google.com/asset/symingtons-announcement/-wGgiNCJ9WbdnQ
136,https://artsandculture.google.com/asset/texarkana-tiller-preparations/9wGasOre5oXjhg
137,https://artsandculture.google.com/asset/calamity-jane-with-doris-day-movie/PQGjUs_Gus84wg
138,https://artsandculture.google.com/asset/mamie-eisenhower/UwE-M6mBTi5oAw
139,https://artsandculture.google.com/asset/mickey-cohen/DQFJgmBXNYBt6g
140,https://artsandculture.google.com/asset/1AGwSendspuk-g
141,https://artsandculture.google.com/asset/XQF57BTWVsVvAg
142,https://artsandculture.google.com/asset/rackets-committee/FQGMNmbXKNdiqg
143,https://artsandculture.google.com/asset/gentlemen-prefer-blondes/4gGS8ceHj9XBFA
144,https://artsandculture.google.com/asset/DgGDdq62RJzP7g
145,https://artsandculture.google.com/asset/PwHSnXoZ4NlutA
146,https://artsandculture.google.com/asset/ph-160/LAHMMuU5mAc19Q
147,https://artsandculture.google.com/asset/mickey-cohen/CQERDIHVQ2PphA
148,https://artsandculture.google.com/asset/mickey-cohen/-AF9VNv4YGlz9A
149,https://artsandculture.google.com/asset/ph-489/0gFJa0syW5i-Eg
150,https://artsandculture.google.com/asset/mamie-eisenhower/DwHJP_NP6PKv0A
151,https://artsandculture.google.com/asset/kwGt0D2lH4fnbA
152,https://artsandculture.google.com/asset/kkk/VQGGDM0KwRgAIw
153,https://artsandculture.google.com/asset/dawns-presence/jAHYFRDkdqgoxg
154,https://artsandculture.google.com/asset/palingenesis/EQEjh0LOPuXhiQ
155,https://artsandculture.google.com/asset/academy-awards/QwFoNu1WxLa8nw
156,https://artsandculture.google.com/asset/blue-level-1955-pollock-krasner-foundation/zAGVj1PP1tTQJw
157,https://artsandculture.google.com/asset/DAHAaX2a0f0kLg
158,https://artsandculture.google.com/asset/still-life-with-palm-tree/fAHzGbG2eURupw
159,https://artsandculture.google.com/asset/swGzz8Exy-zvow
160,https://artsandculture.google.com/asset/GwEpg9mJQ6ki1g
161,https://artsandculture.google.com/asset/khrushchev-visit/NgFBFGHsLeuXfA
162,https://artsandculture.google.com/asset/aAGclpBONH4Byw
163,https://artsandculture.google.com/asset/academy-awards/2QHcA8fM5B8zjg
164,https://artsandculture.google.com/asset/QwExHg7j_2mqlQ
165,https://artsandculture.google.com/asset/NwHbaza0mKdGkA
166,https://artsandculture.google.com/asset/gentlemen-prefer-blondes/GwFkBHewz2XGOA
167,https://artsandculture.google.com/asset/EgGTAKDyOrL2hA
168,https://artsandculture.google.com/asset/mickey-cohen/BAEpXeTr2QdVWQ
169,https://artsandculture.google.com/asset/mickey-cohen/9QHI1WCIqOTFfA
170,https://artsandculture.google.com/asset/mickey-cohen/1QFePUbaiPJDyg
171,https://artsandculture.google.com/asset/JgGuEj6ciY_56g
172,https://artsandculture.google.com/asset/awHZFrlA7Y2wWA
173,https://artsandculture.google.com/asset/kennedys-home-from-hospital/0AFT70h3amUQAw
174,https://artsandculture.google.com/asset/mickey-cohen/wQGNoLqw2fUsDg
175,https://artsandculture.google.com/asset/passage/qgFLuRSAcy_YqQ
176,https://artsandculture.google.com/asset/siren-1966-pollock-krasner-foundation/-gH5rgkx7pXZ6Q
177,https://artsandculture.google.com/asset/academy-awards/6QG1fbDZagnNeA
178,https://artsandculture.google.com/asset/iAGgcOHd4QitzQ
179,https://artsandculture.google.com/asset/atlanta-teenagers/3gG9Sxo9oJ_KIw
180,https://artsandculture.google.com/asset/janet-leigh/dAEem16JfpFkeA
181,https://artsandculture.google.com/asset/robert-kennedy-family/mgHT3a1ijrIijQ
182,https://artsandculture.google.com/asset/rocket-man/dAGcDUktrfyf_g
183,https://artsandculture.google.com/asset/academy-awards/rAEawvkoHhsCpg
184,https://artsandculture.google.com/asset/brooklyn-essay/ZAFri5WU-5fK8Q
185,https://artsandculture.google.com/asset/mickey-cohen/5gHLJhFAvz8hww
186,https://artsandculture.google.com/asset/carousel-movie/1wH0h5cWdRdDKw
187,https://artsandculture.google.com/asset/academy-awards/NwE1Wj211Hxq_Q
188,https://artsandculture.google.com/asset/marilyn-monroe/IwFi0LMFfVHqSQ
189,https://artsandculture.google.com/asset/gwEGBKaxSUQ9UQ
190,https://artsandculture.google.com/asset/academy-awards/zwGYiB4MrACnew
191,https://artsandculture.google.com/asset/linda-darnell/QgG64cmC_ViF8w
192,https://artsandculture.google.com/asset/icarus-1964-pollock-krasner-foundation/KAEI3Xkx54e6xQ
193,https://artsandculture.google.com/asset/atlanta-teenagers/JAEIJihPxkz4yg
194,https://artsandculture.google.com/asset/mickey-cohen/1wFW0c8rWrwalA
195,https://artsandculture.google.com/asset/marilyn-monroe/MgGX34DXwIfubQ
196,https://artsandculture.google.com/asset/civil-rights-debate-in-senate/wAHsx8yU0Q_IoA
197,https://artsandculture.google.com/asset/marlon-brando-the-men/YgEHf44L9BYL7w
198,https://artsandculture.google.com/asset/rocket-man/7gHlwr6ts3QepQ
199,https://artsandculture.google.com/asset/FwEJOI2BeyYDiA
200,https://artsandculture.google.com/asset/2QH78umeDVIh0w
201,https://artsandculture.google.com/asset/linda-darnell/MQE4uV_cnJD11A
202,https://artsandculture.google.com/asset/academy-awards/fgFYikCsX3xHiA
203,https://artsandculture.google.com/asset/janet-leigh/vwEGubX3GeMmOQ
204,https://artsandculture.google.com/asset/ocean-park-no-16/6wHDaQ4R4mvLHA
205,https://artsandculture.google.com/asset/marilyn-monroe/-gH9zq7UG0UVcQ
206,https://artsandculture.google.com/asset/marlon-brando-the-men/RgFcn54N7LlPOw
207,https://artsandculture.google.com/asset/ph-272/BwE0go9PQZUyLw
208,https://artsandculture.google.com/asset/dorothy-dandridge/NwHSNq3bwhaAJw
209,https://artsandculture.google.com/asset/mickey-cohen/-wG4-sZVdjUUvA
210,https://artsandculture.google.com/asset/gettysburg-battlefeild-ike-krushchev-visit/5wHppsyrAix1TA
211,https://artsandculture.google.com/asset/ZwHDHnxNMHkUtg
212,https://artsandculture.google.com/asset/ike-at-white-sulphur-springs-w-va/ygH73-mcFLiFBw
213,https://artsandculture.google.com/asset/marlon-brando-the-men/RAFQcMuGcmNxGg
214,https://artsandculture.google.com/asset/west-memphis-school/VgHhiUkkcEnCYQ
215,https://artsandculture.google.com/asset/cQHFF6c3lTtYaw
216,https://artsandculture.google.com/asset/SwGwiCV6JmWU1A
217,https://artsandculture.google.com/asset/thurgood-marshall/OAGJMZhK56uCNQ
218,https://artsandculture.google.com/asset/nixon-kennedy-tv-debate/VgHSUiIttSIhUw
219,https://artsandculture.google.com/asset/villa-borghese/LwHy_IhY1jUS5g
220,https://artsandculture.google.com/asset/mgHqfh9BvVRaKA
221,https://artsandculture.google.com/asset/nixon-kennedy-2dn-debate/BQGGThyT1wGA2A
222,https://artsandculture.google.com/asset/susan-hayward/-QFKVCdyttJ_SA
223,https://artsandculture.google.com/asset/zgHTozh-dd_l2w
224,https://artsandculture.google.com/asset/senator-jack-kennedy-and-family/7QHp1cBU0-Vgiw
225,https://artsandculture.google.com/asset/JAGcKFsXn13EDA
226,https://artsandculture.google.com/asset/soldier-of-the-future/BgH-evXIWJMpLA
227,https://artsandculture.google.com/asset/pony-boom-story/XwEGOKKY_2wSrw
228,https://artsandculture.google.com/asset/vAFDgH1rspKyMw
229,https://artsandculture.google.com/asset/soldier-of-the-future/uwFU8JjKIGRhJw
230,https://artsandculture.google.com/asset/qwED8WReFq1YUw
231,https://artsandculture.google.com/asset/jackie-kennedy-and-marie-eisenhower/fQErkk4AV06kNA
232,https://artsandculture.google.com/asset/linda-darnell/2AHLpFSlo-HCSQ
233,https://artsandculture.google.com/asset/zsa-zsa-gabor/3AEozEGuYETcCg
234,https://artsandculture.google.com/asset/3AGql8WvqsmI2A
235,https://artsandculture.google.com/asset/cheesecake/IQEiUVVWZC5dQQ
236,https://artsandculture.google.com/asset/marilyn-monroe/SQEe6JenaNFZiA
237,https://artsandculture.google.com/asset/gentlemen-prefer-blondes/-AG4MuVyYSW_TQ
238,https://artsandculture.google.com/asset/mickey-cohen/wAEfCaPLraMd6Q
239,https://artsandculture.google.com/asset/ikea-speaking-tour-san-francisco/2wENh40GQ0o3IQ
240,https://artsandculture.google.com/asset/owFXrzr11Kbo8w
241,https://artsandculture.google.com/asset/mamie-eisenhower/FAHJDhhRlnnLrA
242,https://artsandculture.google.com/asset/the-river-jcar-xii/nAHLJyyD3q5nwA
243,https://artsandculture.google.com/asset/ike-in-philly/7QEI200ozfScVQ
244,https://artsandculture.google.com/asset/senator-jack-kennedy-and-family/GgEkhTEt2YjhSw
245,https://artsandculture.google.com/asset/zsa-zsa-gabor/DQG2WMUCYHRrHg
246,https://artsandculture.google.com/asset/new-york-2-1951/MQEBjRawCCeHoA
247,https://artsandculture.google.com/asset/mickey-cohen/DQEPubf5TfgsjA
248,https://artsandculture.google.com/asset/ph-487/wQHtIgY_Lcs3Bw
249,https://artsandculture.google.com/asset/desert-moon-1955-pollock-krasner-foundation/ZAHxy8gTRroM3A
250,https://artsandculture.google.com/asset/david-smith-untitled-candida/JwH6o8RXWsbq4g
251,https://artsandculture.google.com/asset/marilyn-monroe/NQEKrduEYpCT1Q
252,https://artsandculture.google.com/asset/city-of-leningrad/qAFPzsTh7qkUXg
253,https://artsandculture.google.com/asset/rumi/ewHNjQ0Hy0Ap3g
254,https://artsandculture.google.com/asset/EwG42nVeHG3G1w
255,https://artsandculture.google.com/asset/SQGV1K_vlFaypQ
256,https://artsandculture.google.com/asset/zsa-zsa-gabor/6wGLZ-JKM1PCxw
257,https://artsandculture.google.com/asset/marilyn-monroe/nQHSvsD1VErkHw
258,https://artsandculture.google.com/asset/5gEGiYvpA_I6eg
259,https://artsandculture.google.com/asset/john-l-lewis-dc/7wFqsy1TKeKrjA
260,https://artsandculture.google.com/asset/girl-scouts-girl-scout-covers/ZwHPcBTeZZ51hA
261,https://artsandculture.google.com/asset/ike-bobby-kennedy-goldburg-at-christmas/5wHhbtWxec39IQ
262,https://artsandculture.google.com/asset/QAHPpsxrle9kAw
263,https://artsandculture.google.com/asset/marilyn-monroe/KQHTQBHMCDGzwQ
264,https://artsandculture.google.com/asset/zsa-zsa-gabor/fQFeJs8AN6Kx_Q
265,https://artsandculture.google.com/asset/queen-of-england/OAExcZKd-7ldCg
266,https://artsandculture.google.com/asset/FQF1LeM-M_PVuA
267,https://artsandculture.google.com/asset/dinah-shores-tv-show/0AFW-wylDRDvTQ
268,https://artsandculture.google.com/asset/TQFSaXGLWRXDzQ
269,https://artsandculture.google.com/asset/ike-bobby-kennedy-goldburg-at-christmas/VAEx5A2NXe_Ijw
270,https://artsandculture.google.com/asset/sands-of-iwo-jima/agHRrEqCDkpIIw
271,https://artsandculture.google.com/asset/ph-286/VwEeX_ECWw7kLQ
272,https://artsandculture.google.com/asset/eisenhower-boyhood/0AFNR3i1irVyIA
273,https://artsandculture.google.com/asset/ph-255/lAEGMuoGtCFkRA
274,https://artsandculture.google.com/asset/zAGwauuaNkaVVg
275,https://artsandculture.google.com/asset/900-50-80/MQEDPPa3qeg3kg
276,https://artsandculture.google.com/asset/kgEfk33SvoU-Kw
277,https://artsandculture.google.com/asset/bald-eagle-1955-pollock-krasner-foundation/1QHAmgo88QO_fA
278,https://artsandculture.google.com/asset/ezra-taft-benson-close-up/8wHoPsgAh6psjA
279,https://artsandculture.google.com/asset/sen-humphrey-for-minnesota-primary-story/HgH_eRa3EOR9iQ
280,https://artsandculture.google.com/asset/maria-tall-chief-swan-lake/xQFR2j_TmcrPmQ
281,https://artsandculture.google.com/asset/marilyn-monroe/fQFwMtU1G1n9jg
282,https://artsandculture.google.com/asset/weeping-crabapple/qgEfGPnzmnIVnA
283,https://artsandculture.google.com/asset/iwo-jima/PQHWqqxD73K01Q
284,https://artsandculture.google.com/asset/french-embassy-madame-henri-bonnet-deitrich/cwGDcGTtUHdo1A
285,https://artsandculture.google.com/asset/iwo-jima/_gGVUU-8TQZCTQ
286,https://artsandculture.google.com/asset/dorothy-dandridge-tarzans-pearl-1951/1AHaCWVHKLcEjA
287,https://artsandculture.google.com/asset/QgEGB474BqE9Dg
288,https://artsandculture.google.com/asset/marilyn-monroe/HQGTCXjj5zp4fQ
289,https://artsandculture.google.com/asset/life-of-a-worker-and-his-family-in-the-ussr/-gHiHTBz4mcImg
290,https://artsandculture.google.com/asset/rQE3okG4khWE1w
291,https://artsandculture.google.com/asset/taylor-hilton-wedding/RgEHRUJTJK5Q8Q
292,https://artsandculture.google.com/asset/900-50-80/qgEqADqnX55tnQ
293,https://artsandculture.google.com/asset/PwFDQ61A00ZlPA
294,https://artsandculture.google.com/asset/marlon-brando-the-men/awGRVe_haOj4bQ
295,https://artsandculture.google.com/asset/senator-jack-kennedy-and-family/2QGJ-eTkXF0NjA
296,https://artsandculture.google.com/asset/iwo-jima/cgF7tAAEjxz6sQ
297,https://artsandculture.google.com/asset/the-voyage-ten-years-after/xwEvAL-lCp017A
298,https://artsandculture.google.com/asset/academy-awards/-QGlKl180SifCA
299,https://artsandculture.google.com/asset/ph-385/QQF3mouDwqfegw
300,https://artsandculture.google.com/asset/5AHyxivNMbk6_g
301,https://artsandculture.google.com/asset/DAENYGNKAlYSbw
302,https://artsandculture.google.com/asset/portrait-in-green/ZAGeCrSnRBMknw
303,https://artsandculture.google.com/asset/LQGqZH7SjMfFIw
304,https://artsandculture.google.com/asset/marilyn-monroe/JAH1cHoVNTa8cQ
305,https://artsandculture.google.com/asset/nwGGGIggovKcgg
306,https://artsandculture.google.com/asset/cheesecake/UAG_E5XMXdLnHg
307,https://artsandculture.google.com/asset/DQG249Q2Qk13Wg
308,https://artsandculture.google.com/asset/marilyn-monroe/4wEfxjo9DkSBMw
309,https://artsandculture.google.com/asset/8QHAkrE5hcOwtQ
310,https://artsandculture.google.com/asset/sAEyRqtUwAFPRg
311,https://artsandculture.google.com/asset/kennedy-visit-to-university-of-north-carolina-and-fort-bragg/CwFl5IAOMLVi9A
312,https://artsandculture.google.com/asset/AwGP8bbOXQP9Pg
313,https://artsandculture.google.com/asset/entrance-hall/MgFYAbyhUn1LGQ
314,https://artsandculture.google.com/asset/marilyn-monroe/tgErFA5-okZmSA
315,https://artsandculture.google.com/asset/marilyn-monroe/YwH42SxfWTdgFw
316,https://artsandculture.google.com/asset/ZQHPOqP8WZOlOw
317,https://artsandculture.google.com/asset/president-leaving-georgia-for-wash-dc/EgF3WmtFNcpYTw
318,https://artsandculture.google.com/asset/another-storm-1963-pollock-krasner-foundation/jwGTgWeesna0CA
319,https://artsandculture.google.com/asset/american-legion-convention/DAGUXDhZkQjEXw
320,https://artsandculture.google.com/asset/lili-stcyrs-trial/2AErWouDoPMsOg
321,https://artsandculture.google.com/asset/cheesecake/SAGHm8ED4Mp3Jw
322,https://artsandculture.google.com/asset/jQHCZcbuWa90Ew
323,https://artsandculture.google.com/asset/inner-view/yQEWvvvul1rwjg
324,https://artsandculture.google.com/asset/oQGKTiaZj9Gu_g
325,https://artsandculture.google.com/asset/ph-494/hwFBO7H_x3i-Qg
326,https://artsandculture.google.com/asset/PAFqIfkvVcSiRQ
327,https://artsandculture.google.com/asset/nixon-kennedy-2dn-debate/CAEp5km_l9NlCg
328,https://artsandculture.google.com/asset/pres-sukarno/5QGNjIhyYKCkNQ
329,https://artsandculture.google.com/asset/dinah-shores-tv-show/9AGfLS0Tqf5S3Q
330,https://artsandculture.google.com/asset/congressional-lunch-at-white-house/cwEo7L__FfOuJw
331,https://artsandculture.google.com/asset/david-smith-gondola-ii/jwGGTmGO-uDybQ
332,https://artsandculture.google.com/asset/le-poing-du-jour/FwEabY-emdEs1w
333,https://artsandculture.google.com/asset/navajo-uranium-mining/TwFME5TXA5Idgg
334,https://artsandculture.google.com/asset/abstract-no-2-1947-pollock-krasner-foundation/bQG2gol8OMGaFw
335,https://artsandculture.google.com/asset/3wHmGxKs-F3M7Q
336,https://artsandculture.google.com/asset/LgEeOYwhIANbRQ
337,https://artsandculture.google.com/asset/sukarno-arrival/HQEzaL6gWSWJNQ
338,https://artsandculture.google.com/asset/gQH-glb9v7GP1A
339,https://artsandculture.google.com/asset/marlon-brando-the-men/ugHl8YmMj7rl9Q
340,https://artsandculture.google.com/asset/sukarno-arrival/sgHx2UMlbbIObg
341,https://artsandculture.google.com/asset/hAGFt6W9a6gHqQ
342,https://artsandculture.google.com/asset/pres-sukarno/YAEREAnTitXLVg
343,https://artsandculture.google.com/asset/marilyn-monroe/bgGws-sMzKavXA
344,https://artsandculture.google.com/asset/ike-and-nixon/5AGZSvX2OvNEUQ
345,https://artsandculture.google.com/asset/desegregation-norfolk/dwEHzaiupmaTFw
346,https://artsandculture.google.com/asset/VQEBNLj0RuoLzA
347,https://artsandculture.google.com/asset/pres-sukarno-of-indonesia/jwEJLztqVAQzXw
348,https://artsandculture.google.com/asset/ike-and-mamie-in-boone-iowa/fwGUXyA2ttVq-g
349,https://artsandculture.google.com/asset/opening-of-congress/5gH4uDzJl2ew8Q
350,https://artsandculture.google.com/asset/6gHD83eptynz9w
351,https://artsandculture.google.com/asset/marilyn-monroe/uAEjLCILoZptwA
352,https://artsandculture.google.com/asset/marilyn-monroe/4gG2tP9LBX8rcg
353,https://artsandculture.google.com/asset/academy-awards/6AEStcYe70Gekw
354,https://artsandculture.google.com/asset/IwECF6qtT_q27g
355,https://artsandculture.google.com/asset/skyline-drive/0QHswRZe48ZUhQ
356,https://artsandculture.google.com/asset/marilyn-monroe/7QHePwtPMEuxQQ
357,https://artsandculture.google.com/asset/4gH894OgjpiBnw
358,https://artsandculture.google.com/asset/fgHvivT3Mz8jdg
359,https://artsandculture.google.com/asset/sgH4bJh20Yih_g
360,https://artsandculture.google.com/asset/dorothy-dandridge-tarzans-pearl-1951/xAH44vk4nh5iEg
361,https://artsandculture.google.com/asset/vgGX91wXD7BDIw
362,https://artsandculture.google.com/asset/academy-awards/aQHtMQEjQSUQ9A
363,https://artsandculture.google.com/asset/pres-sukarno-of-indonesia/MgHMG4kbSo1Pcw
364,https://artsandculture.google.com/asset/marlon-brando-the-men/GwEbtNXeQ4Qdaw
365,https://artsandculture.google.com/asset/beautiful-london/1AGNfxKqlvXgdg
366,https://artsandculture.google.com/asset/xwFVmeFa9txvkw
367,https://artsandculture.google.com/asset/IgHlAJIcAn8MpA
368,https://artsandculture.google.com/asset/LwGiVGgPgTc3Jw
369,https://artsandculture.google.com/asset/ocean-park-no-29/JgGffBpFTdzWUw
370,https://artsandculture.google.com/asset/untitled-1946-pollock-krasner-foundation/LgHcsGR7ecZQNg
371,https://artsandculture.google.com/asset/rQE04i1xhKrj-w
372,https://artsandculture.google.com/asset/IwEKLTKkygmjcw
373,https://artsandculture.google.com/asset/PgG45VXl-m2DAw
374,https://artsandculture.google.com/asset/gentlemen-prefer-blondes/4wFILP93stgUTg
375,https://artsandculture.google.com/asset/pres-sukarno-of-indonesia/9gH59VrEjG6fCQ
376,https://artsandculture.google.com/asset/john-f-kennedy/6QG1byaNUZboGQ
377,https://artsandculture.google.com/asset/kennedy-arrival-at-andrews-air-force-base-from-florida/OwFSBnRJDmOleA
378,https://artsandculture.google.com/asset/_gEUFl1gw9BAXA
379,https://artsandculture.google.com/asset/pres-sukarno-of-indonesia/vwExGtgCI6CMRA
380,https://artsandculture.google.com/asset/calamity-jane-with-doris-day-movie/zwHPGh92x9TCRA
381,https://artsandculture.google.com/asset/pat-nixon-closeup/BwEySzT4gap5_Q
382,https://artsandculture.google.com/asset/VgFjkgnHrODa7g
383,https://artsandculture.google.com/asset/republican-convention/-gFcXbHT_IBHZA
384,https://artsandculture.google.com/asset/television-in-hollywood/8wGn3Enn3lJvZA
385,https://artsandculture.google.com/asset/hollywood-baby-party/bQEeuzdgBOixfg
386,https://artsandculture.google.com/asset/zsa-zsa-gabor/HQGDQUm5teJSFw
387,https://artsandculture.google.com/asset/desegregation-norfolk/4QGMDT4UUYORyQ
388,https://artsandculture.google.com/asset/dorothy-dandridge-tarzans-pearl-1951/cwEWmAl_vi8Abw
389,https://artsandculture.google.com/asset/esther-williams/KAEusFaKQB_RVg
390,https://artsandculture.google.com/asset/6QGSEf9NxDsrVQ
391,https://artsandculture.google.com/asset/marilyn-monroe/vgG_snanGEIiUg
392,https://artsandculture.google.com/asset/bAFTEKfzcd7-fg
393,https://artsandculture.google.com/asset/rim-of-the-sky/JAH-thXgGGYn_Q
394,https://artsandculture.google.com/asset/king-saud-with-crown-prince-emir-abdul-ilah-of-iraq/1QEet-Vn_DpZRA
395,https://artsandculture.google.com/asset/fred-vinson-at-central-college-ky/8QHOnEvbQW3BNQ
396,https://artsandculture.google.com/asset/eisenhower-last-days-in-office/egHAPA-JF7Az_A
397,https://artsandculture.google.com/asset/governors-conference-seattle/FQEbDmuA1bySdQ
398,https://artsandculture.google.com/asset/joan-taylor/0wGWIJaqMBIyHw
399,https://artsandculture.google.com/asset/BgFygS0qZr6jPg
400,https://artsandculture.google.com/asset/joan-taylor/5gHhupSGrR7-pw
401,https://artsandculture.google.com/asset/marlon-brando-the-men/MwHBYzwPdEILjA
402,https://artsandculture.google.com/asset/pres-sukarno/8wFyiRdSMgZ0mw
403,https://artsandculture.google.com/asset/television-in-hollywood/6wFrUwwurupBBA
404,https://artsandculture.google.com/asset/_wHyX924i1BZYA
405,https://artsandculture.google.com/asset/academy-awards/WgGgoKxQD7doSg
406,https://artsandculture.google.com/asset/beautiful-london/7AGBv9ypTQKpmQ
407,https://artsandculture.google.com/asset/ruth-roman/MAESAIMO1DKXXg
408,https://artsandculture.google.com/asset/yQHZ24I5d9isJQ
409,https://artsandculture.google.com/asset/ike-in-bonn/HQHIpvAHbzzUVQ
410,https://artsandculture.google.com/asset/marlon-brando-the-men/2QEXXuLE5_qZ3A
411,https://artsandculture.google.com/asset/sands-of-iwo-jima/jgE6ycrzWfXXjg
412,https://artsandculture.google.com/asset/ph-220/9wGj6MVbZjwGKQ
413,https://artsandculture.google.com/asset/ph-1123/XAEaLS0dkTb3hA
414,https://artsandculture.google.com/asset/joan-taylor/QgFbHU7cQUElbQ
415,https://artsandculture.google.com/asset/academy-awards/kwEktmYxTP9gUg
416,https://artsandculture.google.com/asset/nQGfUymD4x7bGg
417,https://artsandculture.google.com/asset/pres-debates/oQFniovYG77Fug
418,https://artsandculture.google.com/asset/bQGbuM69J-yU0A
419,https://artsandculture.google.com/asset/dinah-shores-tv-show/-AGBCWfog8kyPA
420,https://artsandculture.google.com/asset/SgFNRvZtE-jiPA
421,https://artsandculture.google.com/asset/soldier-of-the-future/CQFsIUIY6G2zBg
422,https://artsandculture.google.com/asset/autumn-shop-window/_AFd2eJ3kAbwsA
423,https://artsandculture.google.com/asset/texarkana-tiller-preparations/jQFkLJ-SqxHxIg
424,https://artsandculture.google.com/asset/crepsculo-da-srie-caminho/iwEqRlg4KOdMQQ
425,https://artsandculture.google.com/asset/8gG3mIK8QxZP3w
426,https://artsandculture.google.com/asset/stanford-game/tAGz6yFoGl8EcQ
427,https://artsandculture.google.com/asset/tgE5shBd0QQnZw
428,https://artsandculture.google.com/asset/nixon-kennedy-2dn-debate/1AHi6C9UPnp_dg
429,https://artsandculture.google.com/asset/marina-berti/0AF3yILEW6x_Ag
430,https://artsandculture.google.com/asset/susan-hayward/4QGQOsy_2js6dQ
431,https://artsandculture.google.com/asset/5gF_hW1tU_A0MA
432,https://artsandculture.google.com/asset/minnesota-primary/JQG-uayInQNmqA
433,https://artsandculture.google.com/asset/yAFqLZ3-I5_vQg
434,https://artsandculture.google.com/asset/bacchus-81/2wH41udFkEQyJA
435,https://artsandculture.google.com/asset/marina-berti/QwE5jlDyLM2c4w
436,https://artsandculture.google.com/asset/thurgood-marshall/kQG2pMoTwXDHVA
437,https://artsandculture.google.com/asset/1AFNMnubtffq-Q
438,https://artsandculture.google.com/asset/cheesecake/3wHKGsF8UVfyUA
439,https://artsandculture.google.com/asset/john-f-kennedy/WAEvgRh5pAEcSA
440,https://artsandculture.google.com/asset/elizabeth-taylors-wedding-to-nick-hilton/SAFOSn0_L3wN4A
441,https://artsandculture.google.com/asset/academy-awards/0AHrmFRcQ17p4Q
442,https://artsandculture.google.com/asset/perils-of-julia-and-gill-man-movie-julia-adams/zgGInQs5lJ3taw
443,https://artsandculture.google.com/asset/zsa-zsa-gabor/5QFalCy8gKMl3Q
444,https://artsandculture.google.com/asset/stelizabeths-hospital-players-and-their-play-washington/PgG-m9ytbrOBaQ
445,https://artsandculture.google.com/asset/NQE2WbQ7LL7EEQ
446,https://artsandculture.google.com/asset/dorothy-dandridge-tarzans-pearl-1951/YQGDV3AMW8E9Nw
447,https://artsandculture.google.com/asset/marlon-brando-the-men/SQGLdHzynK_AuQ
448,https://artsandculture.google.com/asset/striptease-dancer-stormy/dQFyknwddc1z4A
449,https://artsandculture.google.com/asset/QAHfdkjFnrlJHQ
450,https://artsandculture.google.com/asset/minnesota-primary/HQEhV97-WIxdxw
451,https://artsandculture.google.com/asset/king-sauds-son/sAF1xayx1fB56w
452,https://artsandculture.google.com/asset/iwo-jima/JQGbymKiMbMx_g
453,https://artsandculture.google.com/asset/republican-convention/VwHiCHGd9KBGpw
454,https://artsandculture.google.com/asset/cheesecake/AAFJutLIvhwyEQ
455,https://artsandculture.google.com/asset/calamity-jane-with-doris-day-movie/FgEM1_JQWDNlZA
456,https://artsandculture.google.com/asset/jardin-du-luxembourg/ogFYrJ5PyApLBw
457,https://artsandculture.google.com/asset/the-american-worker/DwFUUEFITtkQ4A
458,https://artsandculture.google.com/asset/queen-of-england/kwGyNaZAldhBNg
459,https://artsandculture.google.com/asset/susan-hayward/2QFsOxBhxV9nQg
460,https://artsandculture.google.com/asset/negro-bishops-praying-on-steps-of-supreme-court-washington-dc/-wGfIcaAxAUvmg
461,https://artsandculture.google.com/asset/XAE9jqoG1G1jKw
462,https://artsandculture.google.com/asset/central-intelligence-agency/7gEth57lRWjnqQ
463,https://artsandculture.google.com/asset/EwHQDzZOkeLh0g
464,https://artsandculture.google.com/asset/karen-sharpe/9AG6isrBlH0m7g
465,https://artsandculture.google.com/asset/pres-sukarno-of-indonesia/vAERxgfD91zDpA
466,https://artsandculture.google.com/asset/jimmys-stewart-wedding/OQGwstKykO0NAw
467,https://artsandculture.google.com/asset/marlon-brando-the-men/5gH_8qCJmTHbbg
468,https://artsandculture.google.com/asset/teen-agers/OAHQ8pStkDgbJA
469,https://artsandculture.google.com/asset/brooklyn-essay/qQE27rilguu0Lg
470,https://artsandculture.google.com/asset/elizabeth-taylors-wedding-to-nick-hilton/cAF37AM9pMRHkw
471,https://artsandculture.google.com/asset/ngHh3UuAWRLvbQ
472,https://artsandculture.google.com/asset/xgGxyse7Mce5xA
473,https://artsandculture.google.com/asset/labor-hearings/VgGdfdNt5pspBQ
474,https://artsandculture.google.com/asset/khrushchev-visit/SwEkwQO59qrhtQ
475,https://artsandculture.google.com/asset/clinton-school-trouble/xgGA31aNrkQrhw
476,https://artsandculture.google.com/asset/labor-hearings/9wFVOqOhj-aT7A
477,https://artsandculture.google.com/asset/zsa-zsa-gabor/2gGbHFJytMP9YA
478,https://artsandculture.google.com/asset/iwFmD56fjhj7vg
479,https://artsandculture.google.com/asset/owEZs7Q-ZREeGw
480,https://artsandculture.google.com/asset/opening-of-congress/mwHeOIfZ2XSxFQ
481,https://artsandculture.google.com/asset/sAFtlXloiwdYvw
482,https://artsandculture.google.com/asset/ph-923/0wENz-OEn94Xag
483,https://artsandculture.google.com/asset/academy-awards/-QFkZjkHBpUljg
484,https://artsandculture.google.com/asset/marilyn-monroe/4gGb58RrcAXbsg
485,https://artsandculture.google.com/asset/gwHkUY7cZ4GtbQ
486,https://artsandculture.google.com/asset/ph-1039/4AGEDJvgMKqWcg
487,https://artsandculture.google.com/asset/artist-poster-holland-festival-1987/sgHslHowhyrkzw
488,https://artsandculture.google.com/asset/marlon-brando-the-men/sQGKJIuM8Gdk1w
489,https://artsandculture.google.com/asset/taylor-hilton-wedding/hgE9moTasFHkxw
490,https://artsandculture.google.com/asset/pres-sukarno-of-indonesia/qQFJjizS4dVtZQ
491,https://artsandculture.google.com/asset/multiple-sclerosis-party/HAHoyZBh_8Mz8g
492,https://artsandculture.google.com/asset/democratic-convention/gwHT1Eo0DzslLQ
493,https://artsandculture.google.com/asset/supreme-court-building/8wH9GbyFI_5lmw
494,https://artsandculture.google.com/asset/alfred-marrow-and-virginia-factory/MQE8fAbhOVcx9A
495,https://artsandculture.google.com/asset/ph-960/bAEaHnJs9pVCjA
496,https://artsandculture.google.com/asset/state-labor-rackets-hearing/4gHth8AZpUXwbA
497,https://artsandculture.google.com/asset/ph-1180/qgGTd58WbIhJ7A
498,https://artsandculture.google.com/asset/academy-awards/ywFhixXsw48V6g
499,https://artsandculture.google.com/asset/sen-jack-kennedy-family/UgEV35aQpvbruQ
500,https://artsandculture.google.com/asset/susan-hayward/DwE2WACqqYSlWQ
501,https://artsandculture.google.com/asset/pres-sukarno/DwHJvxlQXxnqXg
502,https://artsandculture.google.com/asset/perils-of-julia-and-gill-man-movie-julia-adams/gAGtIvsYPERelg
503,https://artsandculture.google.com/asset/marlon-brando-the-men/JAGhI_7yjJmeVQ
504,https://artsandculture.google.com/asset/jackie-kennedy-and-marie-eisenhower/fAF7HOgW3AO4mQ
505,https://artsandculture.google.com/asset/stvictors-catholic-church-westwood-meth-community-church-main-street-westwood-coastline-from-la-jolla/JgHKTdX8skTpIw
506,https://artsandculture.google.com/asset/sen-humphrey-for-minnesota-primary-story/EAHqwIpv6en9QQ
507,https://artsandculture.google.com/asset/RwF-O8m8F_61Xw
508,https://artsandculture.google.com/asset/ike-bobby-kennedy-goldburg-at-christmas/5AH4VdZGphS7-Q
509,https://artsandculture.google.com/asset/taylor-hilton-wedding/ZwEOKwF2U0gi7g
510,https://artsandculture.google.com/asset/khrushchev-visit/4AHe7djIhA0bnw
511,https://artsandculture.google.com/asset/vAFLklG7fZmk2w
512,https://artsandculture.google.com/asset/nQFzJpkqimzNRw
513,https://artsandculture.google.com/asset/sukarno-arrival/FQH7VQ0JEboJYg
514,https://artsandculture.google.com/asset/congress/VwHbeoRbWDjDtg
515,https://artsandculture.google.com/asset/9804/9AGdpuYBgQX4Xg
516,https://artsandculture.google.com/asset/ikes-trip/-QFGF2_yqBpvMw
517,https://artsandculture.google.com/asset/elizabeth-taylors-wedding-to-nick-hilton/yQHJd_zuq0ylKQ
518,https://artsandculture.google.com/asset/beautiful-london/iwHPetrtvR5A8A
519,https://artsandculture.google.com/asset/whitehaven-high-school-ban-on-romance-tennessee/DAHgPYaewR3xgA
520,https://artsandculture.google.com/asset/concert/ewEoYGhHkLlMYA
521,https://artsandculture.google.com/asset/cheesecake/0wGWcpttHNZpcQ
522,https://artsandculture.google.com/asset/KAGNXoMNe0MO-A
523,https://artsandculture.google.com/asset/awG0vjeDsqS6og
524,https://artsandculture.google.com/asset/pres-sukarno/PgHtwN6H3NBRSQ
525,https://artsandculture.google.com/asset/marilyn-monroe/mgE4zugvRJtckg
526,https://artsandculture.google.com/asset/-QEqNyVOnwYOAw
527,https://artsandculture.google.com/asset/mrs-grissom-adn-schirra-carpenter-slayton-wives/twGTUB8oNrNYwQ
528,https://artsandculture.google.com/asset/5QHS4DkScnyb3w
529,https://artsandculture.google.com/asset/NAFK8QQO_yvbCA
530,https://artsandculture.google.com/asset/ike-arrival-in-los-angeles/XwG2HRid962wdg
531,https://artsandculture.google.com/asset/academy-awards/qwEnFrzNPL-ATg
532,https://artsandculture.google.com/asset/ggFwYklRVRUw1Q
533,https://artsandculture.google.com/asset/sukarno-arrival/VQEVWocpvda_xQ
534,https://artsandculture.google.com/asset/ph-1074/_QFziKqQ5eHr1Q
535,https://artsandculture.google.com/asset/jackie-kennedy/ZAF6kvyhhb5Pmw
536,https://artsandculture.google.com/asset/calamity-jane-with-doris-day-movie/-gEmoe7t_1r3uA
537,https://artsandculture.google.com/asset/untitled/YAE78tIC1tQWVw
538,https://artsandculture.google.com/asset/GgGPn_pD9m48JQ
539,https://artsandculture.google.com/asset/RQGVqZAbihOFfA
540,https://artsandculture.google.com/asset/marlon-brando-the-men/EgFpbWLrXZL7qw
541,https://artsandculture.google.com/asset/abstraction/7wGQVSmygTjslg
542,https://artsandculture.google.com/asset/uwEQXiaZeAGe-Q
543,https://artsandculture.google.com/asset/dorothy-dandridge/OQEnX0elxjo04A
544,https://artsandculture.google.com/asset/academy-awards/_QHY8sgFtHgtmw
545,https://artsandculture.google.com/asset/soviet-culture/FQGDxHrb3oafow
546,https://artsandculture.google.com/asset/7AEV-Tu3FGwmXQ
547,https://artsandculture.google.com/asset/nQEXusXNPE9LGQ
548,https://artsandculture.google.com/asset/ike-and-mamie-in-boone-iowa/CgHoVecX5Mdfvg
549,https://artsandculture.google.com/asset/richmond-schools/SQGLcC52zumE-w
550,https://artsandculture.google.com/asset/talent-scout-milton-lewis/6QFT-9K-p3WAVQ
551,https://artsandculture.google.com/asset/8gGCHlR8jD-vYg
552,https://artsandculture.google.com/asset/gentlemen-prefer-blondes/wgFWSJ-lGDbFaA
553,https://artsandculture.google.com/asset/eisenhower-boyhood/FwE9qeGN-OSKsQ
554,https://artsandculture.google.com/asset/ike-in-paris/QQHIjALl4bG2mw
555,https://artsandculture.google.com/asset/supreme-court-building/7gFJOn3t8JMUXQ
556,https://artsandculture.google.com/asset/blue-oil/3gGOlDuFfsykFw
557,https://artsandculture.google.com/asset/UAG7Uk29r_XzKw
558,https://artsandculture.google.com/asset/swGaPSUNjTqB-A
559,https://artsandculture.google.com/asset/mikoyan-in-washington-dc/jQGdf_2eQAFQmw
560,https://artsandculture.google.com/asset/pancho-gonzales/AAHutS4WWiDlOQ
561,https://artsandculture.google.com/asset/kennedy-eisenhower/CAFsqn4ld3Z8Yw
562,https://artsandculture.google.com/asset/SwEW90LKOTIg3g
563,https://artsandculture.google.com/asset/hedda-hopper-party/7AGn0GbkriMWBQ
564,https://artsandculture.google.com/asset/un-poco-mas-a-little-more/hQEpJuYpHEQ_AA
565,https://artsandculture.google.com/asset/mamie-eisenhower/EAG7DXJEB8tK9g
566,https://artsandculture.google.com/asset/marina-berti/5gHx-OJGG-H0-A
567,https://artsandculture.google.com/asset/un-poco-mas-a-little-more/jgHQzHAnPSAymA
568,https://artsandculture.google.com/asset/ike-nixon/QgFMdAdpV1Kg0A
569,https://artsandculture.google.com/asset/brooklyn-essay/mgFqbcQq9I2Lmw
570,https://artsandculture.google.com/asset/calamity-jane-with-doris-day-movie/OwFnV1L5lVT0Ew
571,https://artsandculture.google.com/asset/brooklyn-essay/WQHGWNbgRjlSvw
572,https://artsandculture.google.com/asset/academy-awards/dAGhYYCPUSRfSg
573,https://artsandculture.google.com/asset/un-poco-mas-a-little-more/QQFVqeqGKBtnUA
574,https://artsandculture.google.com/asset/calamity-jane-with-doris-day-movie/7QE5EyZmavBq2w
575,https://artsandculture.google.com/asset/marina-berti/DwET-MuipGG1YA
576,https://artsandculture.google.com/asset/atlanta-teenagers/DwHYHTkU8NgVgQ
577,https://artsandculture.google.com/asset/academy-awards/9AGLrtweZRUOmg
578,https://artsandculture.google.com/asset/dorothy-dandridge/AgEXbqFSGlNjLg
579,https://artsandculture.google.com/asset/beautiful-london/PgH8mPuyD7OEuQ
580,https://artsandculture.google.com/asset/congressional-lunch-at-white-house/vgHcggCg8X85PQ
581,https://artsandculture.google.com/asset/gettysburg-battlefeild-ike-krushchev-visit/3AHt7SyDvNa1Nw
582,https://artsandculture.google.com/asset/un-poco-mas-a-little-more/kQHCJ92EwAljCw
583,https://artsandculture.google.com/asset/ganymede/SAGBYtfV16iN4w
584,https://artsandculture.google.com/asset/king-saud-with-crown-prince-emir-abdul-ilah-of-iraq/cQHBJxi_cUVKLA
585,https://artsandculture.google.com/asset/adoption-story/PAHMukq3Myz5DA
586,https://artsandculture.google.com/asset/fur-story/GwFFjO2EAvt6cA
587,https://artsandculture.google.com/asset/republic-stockholder-meeting-in-wilmington-del/7gF1GoDHEowxoQ
588,https://artsandculture.google.com/asset/mickey-cohen/dQF7_6uNOrVM_Q
589,https://artsandculture.google.com/asset/kufic/AgFFMPeZm72mUg
590,https://artsandculture.google.com/asset/republic-stockholder-meeting-in-wilmington-del/JAG3qHtPhUkeJg
591,https://artsandculture.google.com/asset/opening-of-congress/MQHinrreo7STZQ
592,https://artsandculture.google.com/asset/awGMs9Iwq_ZspA
593,https://artsandculture.google.com/asset/dorothy-dandridge/sQGBmEqG2FD5Ig
594,https://artsandculture.google.com/asset/vicki-manalo-draves/YAEyZ4n_16e5GQ
595,https://artsandculture.google.com/asset/pres-sukarno/aAH_SIbLFRBfXA
596,https://artsandculture.google.com/asset/pres-sukarno-of-indonesia/IAGMTxhzGoMApw
597,https://artsandculture.google.com/asset/king-saud-with-crown-prince-emir-abdul-ilah-of-iraq/TQH012FKnhckfw
598,https://artsandculture.google.com/asset/kennedy/wAFUdHAbQiVpyg
599,https://artsandculture.google.com/asset/kennedys-state-of-union-address/OgEFSXvzk-sqwg
600,https://artsandculture.google.com/asset/josephine-abercrombie-segura/uwFLc6mPod-nmg
601,https://artsandculture.google.com/asset/marlon-brando-the-men/owGCMFWhGH3kmA
602,https://artsandculture.google.com/asset/qAF3m14sHM0Thw
603,https://artsandculture.google.com/asset/rough-aint-it/oAHCJKictnpbmQ
604,https://artsandculture.google.com/asset/igGerSLeI56ZBQ
605,https://artsandculture.google.com/asset/albert-gore/wAGSSFbC2uw7Nw
606,https://artsandculture.google.com/asset/brooklyn-essay/RwHLW2LxHyTijg
607,https://artsandculture.google.com/asset/uQF4bO-4i99-HA
608,https://artsandculture.google.com/asset/LgH5FgSw96bKfw
609,https://artsandculture.google.com/asset/cr-ed-clark/0wE5SsZrqAJbZA
610,https://artsandculture.google.com/asset/dorothy-dandridge/6QF0Vt0z99HDjg
611,https://artsandculture.google.com/asset/the-american-worker/WAF1m79Z3IB4oQ
612,https://artsandculture.google.com/asset/nuremberg-atrocities-exhibit/0gGzCfm7SHh_fw
613,https://artsandculture.google.com/asset/marina-berti/9QF2SSHIQ0LAvA
614,https://artsandculture.google.com/asset/VgFmBoVhqkoV6Q
615,https://artsandculture.google.com/asset/wAFajEK1WScFag
616,https://artsandculture.google.com/asset/life-of-a-worker-and-his-family-in-the-ussr/PQF5Iv2auBnWXA
617,https://artsandculture.google.com/asset/pres-sukarno-of-indonesia/xAFBgJaxq7W9Yg
618,https://artsandculture.google.com/asset/quail-hunt-south-carolina/bAHkYgcu39kxbg
619,https://artsandculture.google.com/asset/dorothy-dandridge/UgHh2U21iQ2owA
620,https://artsandculture.google.com/asset/king-sauds-son/2QG5BuJT5f_u8w
621,https://artsandculture.google.com/asset/norika-ikeda/3gGg_szCFy9Kdg
622,https://artsandculture.google.com/asset/king-saud-with-crown-prince-emir-abdul-ilah-of-iraq/twH7FYXNFqL8uQ
623,https://artsandculture.google.com/asset/ike-in-albany/0AFjwrl5iOoS8Q
624,https://artsandculture.google.com/asset/TAHLdYz0PMOhrQ
625,https://artsandculture.google.com/asset/painting-no-9/HwFlT1kK7DM14g
626,https://artsandculture.google.com/asset/nato-ministers-conference/0AF1PVHqJCnoYQ
627,https://artsandculture.google.com/asset/ike-and-mamie-in-boone-iowa/9AHPsbl-qsahyQ
628,https://artsandculture.google.com/asset/pat-nixon/uwHlE-i_DTxBvw
629,https://artsandculture.google.com/asset/brooklyn-essay/qgH-jRNERlXx3Q
630,https://artsandculture.google.com/asset/BAFaCm1TkAfzrg
631,https://artsandculture.google.com/asset/through-blue-1963-pollock-krasner-foundation/lAEbXY0rkgCDtg
632,https://artsandculture.google.com/asset/nuremberg-atrocities-exhibit/6wFHiluTe6tQew
633,https://artsandculture.google.com/asset/karen-sharpe/xgFDxvAFOBM1tQ
634,https://artsandculture.google.com/asset/0QGH99cDd1vFJg
635,https://artsandculture.google.com/asset/vgHHyxdBDk_78g
636,https://artsandculture.google.com/asset/rQHWDNdOldpnTw
637,https://artsandculture.google.com/asset/JQEiI7FxMn0AOw
638,https://artsandculture.google.com/asset/mr-khrushchev-return-to-washington/VgH1rJFwPpXbIA
639,https://artsandculture.google.com/asset/elizabeth-taylors-wedding-to-nick-hilton/HAG4mcjmnJ1W_Q
640,https://artsandculture.google.com/asset/ZgHG70lddUyNYA
641,https://artsandculture.google.com/asset/zsa-zsa-gabor/-AEAnD3m-cXwqA
642,https://artsandculture.google.com/asset/calamity-jane-with-doris-day-movie/kgEKzkmyyiUH6Q
643,https://artsandculture.google.com/asset/tgF74wd0uDFkGQ
644,https://artsandculture.google.com/asset/PgF0JD6Rux8PTw
645,https://artsandculture.google.com/asset/2gEF0crYtcd4XA
646,https://artsandculture.google.com/asset/brooklyn-essay/GQESn5R86rKKWg
647,https://artsandculture.google.com/asset/4AGREM8wb53TXg
648,https://artsandculture.google.com/asset/cgGnbwKxJXjI1w
649,https://artsandculture.google.com/asset/7QHAgjI3XYB3sQ
650,https://artsandculture.google.com/asset/7AFkF-3i8BaG4A
651,https://artsandculture.google.com/asset/dorothy-dandridge/-AEgkt2kLbX0zw
652,https://artsandculture.google.com/asset/pres-sukarno/zAF5igCNFsOtmQ
653,https://artsandculture.google.com/asset/marlon-brando-the-men/TQGqKDuaqu5J4Q
654,https://artsandculture.google.com/asset/judges-paul-john-sterling-hutchenson-also-richard-school-for-integration/MwGoFrWEXV6lIQ
655,https://artsandculture.google.com/asset/gentlemen-prefer-blondes/PgEsHUCfCFvxGw
656,https://artsandculture.google.com/asset/eisenhower-last-days-in-office/EwGYLdQ6WBm_sw
657,https://artsandculture.google.com/asset/marilyn-monroe/6AHrUV5mtb1GqA
658,https://artsandculture.google.com/asset/senate-filler-on-civil-rights/NwGEdd8s0IVBgw
659,https://artsandculture.google.com/asset/painting-a/CwEP8JzTS0wKEg
660,https://artsandculture.google.com/asset/ikes-plane-columbine-national-airport/egF7Ya4QPc3z2A
661,https://artsandculture.google.com/asset/j-strom-thurmonds-wedding-gov-of-south-carolina/AgFBMWNpI7VSpw
662,https://artsandculture.google.com/asset/academy-awards/FwFzbK7Fe6HQwg
663,https://artsandculture.google.com/asset/cheesecake/3gElo6RQXyqamA
664,https://artsandculture.google.com/asset/marlon-brando-the-men/AQHfObLrTVN2rA
665,https://artsandculture.google.com/asset/cheesecake/IgHlOY99s5pM8g
666,https://artsandculture.google.com/asset/hwGHcSyfnWNPGQ
667,https://artsandculture.google.com/asset/mobile-homes/lwGUflTSwJvndA
668,https://artsandculture.google.com/asset/pres-sukarno-of-indonesia/BwE7aVNwCqK3kg
669,https://artsandculture.google.com/asset/the-golden-wall/JwE2W9FdfcAWbA
670,https://artsandculture.google.com/asset/5gHTgqWJD-0_AQ
671,https://artsandculture.google.com/asset/ikes-picnic/xwFc2XcC9ixUVg
672,https://artsandculture.google.com/asset/pres-sukarno-of-indonesia/4AGPbTw5mnX1vA
673,https://artsandculture.google.com/asset/cheesecake/6gFXWpvLGYjMKA
674,https://artsandculture.google.com/asset/swGzxyVwT0P17A
675,https://artsandculture.google.com/asset/ph-210/hwGRM0Rh3_nvYA
676,https://artsandculture.google.com/asset/pres-sukarno/0gGXaCc7BwMlWg
677,https://artsandculture.google.com/asset/ike-voting-in-gettysburg/iAEPjVxGUOllRQ
678,https://artsandculture.google.com/asset/_gH2TmRL1fFZ1A
679,https://artsandculture.google.com/asset/marlon-brando-the-men/wwEn7ApMOWGXRA
680,https://artsandculture.google.com/asset/ewHWaPj3ANQ2uA
681,https://artsandculture.google.com/asset/jungle-form/hQHURg3oPSAtqg
682,https://artsandculture.google.com/asset/eviva-amore/kQFjOO0mWGS3Zg
683,https://artsandculture.google.com/asset/president-press-conference/GwGXY_IItZzxMg
684,https://artsandculture.google.com/asset/sparkman-in-alabama/3QGkcctAvtIbrg
685,https://artsandculture.google.com/asset/carousel-movie/fgGqOGTyD0gGSQ
686,https://artsandculture.google.com/asset/calamity-jane-with-doris-day-movie/IAHFH-fSRvKaPw
687,https://artsandculture.google.com/asset/pres-sukarno/KgEQ80va78du-g
688,https://artsandculture.google.com/asset/GAGcb7wUMP9EWA
689,https://artsandculture.google.com/asset/dewey-campaign-trip/3AEk2RdBtLRHxQ
690,https://artsandculture.google.com/asset/blue-dynasty/sAET-_N0ebeRjQ
691,https://artsandculture.google.com/asset/beautiful-london/UwHsdS5UeoVEjQ
692,https://artsandculture.google.com/asset/TwGvwZERyakp_w
693,https://artsandculture.google.com/asset/lincolns-birthday-joint-session/VgHaeh2OPrFiuw
694,https://artsandculture.google.com/asset/FgGf_yTDvCtYiQ
695,https://artsandculture.google.com/asset/debbie-reynolds/8AFtxQI5-Yc8tA
696,https://artsandculture.google.com/asset/mickey-cohen/xQGPAVnp7fYVKQ
697,https://artsandculture.google.com/asset/RQHRvKuf5Gi_lw
698,https://artsandculture.google.com/asset/marilyn-monroe/QwFU0XsgnU8SNQ
699,https://artsandculture.google.com/asset/sukarno-arrival/IAHWZU7848YcjQ
700,https://artsandculture.google.com/asset/PQHY0Qf7Br-yDw
701,https://artsandculture.google.com/asset/kwFTb9ctbZgavw
702,https://artsandculture.google.com/asset/ike-bobby-kennedy-goldburg-at-christmas/IgFxVxRaptKVeQ
703,https://artsandculture.google.com/asset/ike-speaking-tour/1AFQYqqKQBH18A
704,https://artsandculture.google.com/asset/air-age/TgHp79XEzHeDkw
705,https://artsandculture.google.com/asset/marlon-brando-the-men/swE-wEk7jpRKGw
706,https://artsandculture.google.com/asset/pres-sukarno/jwFLGXbfowhpvQ
707,https://artsandculture.google.com/asset/nixon-kennedy-2dn-debate/-AEdvzph3Eh46Q
708,https://artsandculture.google.com/asset/marlon-brando-the-men/JAHUxF43Bqh9lg
709,https://artsandculture.google.com/asset/karen-sharpe/6QFeOqunC2Y6_w
710,https://artsandculture.google.com/asset/ike-in-philadelphia/HgHDiEv3JIvtrw
711,https://artsandculture.google.com/asset/-gHm9Pp-L6UnNg
712,https://artsandculture.google.com/asset/sen-humphrey-for-minnesota-primary-story/AQGQX8d41xph4A
713,https://artsandculture.google.com/asset/ikes-arrival-in-palm-springs-california/xAEKIn3_J-0Mqw
714,https://artsandculture.google.com/asset/boating-us-economy-series/kwG-8biXKB8jZA
715,https://artsandculture.google.com/asset/esther-williams/EgGcdTxNFE94Kg
716,https://artsandculture.google.com/asset/beethovens-quartet/ogFOgy6qPWqz0A
717,https://artsandculture.google.com/asset/jackie-kennedy/LAFAqMfuypoS_Q
718,https://artsandculture.google.com/asset/_QE1EZwQzWrbdQ
719,https://artsandculture.google.com/asset/king-saud-with-crown-prince-emir-abdul-ilah-of-iraq/9AHIu9hUR_3gGw
720,https://artsandculture.google.com/asset/fgEEat_kWy8KCQ
721,https://artsandculture.google.com/asset/ike-speaking-tour/0QH3bZSOBmtZ0A
722,https://artsandculture.google.com/asset/dorothy-dandridge/DQESUDzKonrdqQ
723,https://artsandculture.google.com/asset/pres-sukarno/UQHf-LOLOWisHw
724,https://artsandculture.google.com/asset/debbie-reynolds/jAE5QxDNmOzWOw
725,https://artsandculture.google.com/asset/dewey-trip/1gEdATpeHlBS6Q
726,https://artsandculture.google.com/asset/pres-sukarno/dgE1QxxoI1u2Bw
727,https://artsandculture.google.com/asset/kennedy-visit-to-university-of-north-carolina-and-fort-bragg/GAH35whryG6Png
728,https://artsandculture.google.com/asset/elizabeth-taylors-wedding-to-nick-hilton/IgH9LDxjeQ7Jdw
729,https://artsandculture.google.com/asset/kennedys-speech-berlin/pwFmMASVT81kuw
730,https://artsandculture.google.com/asset/brooklyn-essay/OAErj320Ug-Vzw
731,https://artsandculture.google.com/asset/UwHlPmeXimKcNQ
732,https://artsandculture.google.com/asset/jackie-kennedy/-wG3aFUicsx0Jw
733,https://artsandculture.google.com/asset/desegregation-norfolk/LAHviFpByoFXzw
734,https://artsandculture.google.com/asset/pres-sukarno-of-indonesia/dAGqkcnL8XD52Q
735,https://artsandculture.google.com/asset/negro-bishops-praying-on-steps-of-supreme-court-washington-dc/NwE4lQ-h5pVniQ
736,https://artsandculture.google.com/asset/linda-darnell/UAHM4XepikbYpQ
737,https://artsandculture.google.com/asset/ph-553/uQGRuXv5a1Rh7g
738,https://artsandculture.google.com/asset/IwGP7pRFOg0ZOQ
739,https://artsandculture.google.com/asset/linda-darnell/-AGFO34cLWq_iQ
740,https://artsandculture.google.com/asset/ph-233-formerly-self-portrait/dQHjgsJgmcM5cw
741,https://artsandculture.google.com/asset/wheat-harvest/1gGGGc0Iu9hDTQ
742,https://artsandculture.google.com/asset/WwFNwi6lfwEZsg
743,https://artsandculture.google.com/asset/sukarno-arrival/KgFmzlIkGrv11g
744,https://artsandculture.google.com/asset/mickey-cohen/zQGQeb0f6n2ehw
745,https://artsandculture.google.com/asset/queen-elizabeth-trip/UwHlgTunSna2XQ
746,https://artsandculture.google.com/asset/karen-sharpe/DgGtuSNLoR4n4g
747,https://artsandculture.google.com/asset/debbie-reynolds/kgHKgmc0YESSjg
748,https://artsandculture.google.com/asset/SwHFl9_XCZ7zEQ
749,https://artsandculture.google.com/asset/d-daindrige/qQGOHaCyM4rmQQ
750,https://artsandculture.google.com/asset/7gGYUINvhYWwmg
751,https://artsandculture.google.com/asset/margaret-oneals-kappa-alpha-theta-old-south-party-mercer-u-chapter/wwF5ToOZOuQvTA
752,https://artsandculture.google.com/asset/queen-of-england/TQG1nIuecZ0HpQ
753,https://artsandculture.google.com/asset/KQGdGXvme9AD3w
754,https://artsandculture.google.com/asset/american-legion-convention/mAGt1h9mKViynQ
755,https://artsandculture.google.com/asset/eisenhower-last-days-in-office/0wGS4jpaKB-N1w
756,https://artsandculture.google.com/asset/pres-sukarno/egG2ZgUhwgjDjA
757,https://artsandculture.google.com/asset/twEmCMXVfV9tvA
758,https://artsandculture.google.com/asset/HQE1OItc67MqKQ
759,https://artsandculture.google.com/asset/columbia-tenn-race-riot/rwGpD9ns3pOzzw
760,https://artsandculture.google.com/asset/presidents-press-conference/-wFzuQzsPqg5mg
761,https://artsandculture.google.com/asset/karen-sharpe/jQF0G3GxwYVP2A
762,https://artsandculture.google.com/asset/owE-eE3Mp8G7rg
763,https://artsandculture.google.com/asset/ggGZ9yyUG0MqSw
764,https://artsandculture.google.com/asset/dorothy-dandridge/5gH_U9_9UOqtvg
765,https://artsandculture.google.com/asset/linda-darnell/OwEFiXrTUuzxDw
766,https://artsandculture.google.com/asset/sands-of-iwo-jima/2QEPXuFVqVlvOQ
767,https://artsandculture.google.com/asset/sin-titulo-pez-guanabana/EAFmhTjJcoQRnQ
768,https://artsandculture.google.com/asset/handicapped/6AEi3CQ1Srq6JQ
769,https://artsandculture.google.com/asset/GQFo3DpkMTTtGQ
770,https://artsandculture.google.com/asset/marlon-brando-the-men/GQHgL7jCA-O2bw
771,https://artsandculture.google.com/asset/life-of-a-worker-and-his-family-in-the-ussr/1gEVCLn7UhdQtA
772,https://artsandculture.google.com/asset/untitled/sAH4Tg1K51ELAQ
773,https://artsandculture.google.com/asset/susan-hayward/SgEgki1TUs7GsQ
774,https://artsandculture.google.com/asset/congressman-saund-for-emigrant-story/JAHH3XwswIWTwg
775,https://artsandculture.google.com/asset/KAGr0fLY_yR6ig
776,https://artsandculture.google.com/asset/sands-of-iwo-jima/bQFZPRQNRs7aDg
777,https://artsandculture.google.com/asset/pres-sukarno-of-indonesia/VAEgEWgwjBnYKA
778,https://artsandculture.google.com/asset/pres-sukarno-of-indonesia/HwF3LwaGflsEHg
779,https://artsandculture.google.com/asset/marina-berti/8wG4XieIs-rHmg
780,https://artsandculture.google.com/asset/desegregation-norfolk/vAEvBJ1cBWMdyA
781,https://artsandculture.google.com/asset/ike-in-retirement/_AGe6DVEvpSWCQ
782,https://artsandculture.google.com/asset/pres-sukarno-of-indonesia/MgHgsC7uFrFX3A
783,https://artsandculture.google.com/asset/debbie-reynolds/FAH85EGxaCfovg
784,https://artsandculture.google.com/asset/marlon-brando-the-men/RwHWyuxYNKcX7g
785,https://artsandculture.google.com/asset/dQGawhO93qXixw
786,https://artsandculture.google.com/asset/bgFM35ZgDJG_tQ
787,https://artsandculture.google.com/asset/ph-473/EQGKHwes-U6E5A
788,https://artsandculture.google.com/asset/greenville-linch-trial/wAFWioo-BzJxGQ
789,https://artsandculture.google.com/asset/senate-filler-on-civil-rights/NwHiOoeX39jUUA
790,https://artsandculture.google.com/asset/elizabeth-taylors-wedding-to-nick-hilton/IgHCUa6ghMlnPw
791,https://artsandculture.google.com/asset/vista-desde-mi-casa-1950/PgEu7fLNahYQ0g
792,https://artsandculture.google.com/asset/LwEF-kV8nt_HDw
793,https://artsandculture.google.com/asset/cheesecake/HQEhP_Hp7nyaQQ
794,https://artsandculture.google.com/asset/calamity-jane-with-doris-day-movie/nwHrQUN-4SRWhw
795,https://artsandculture.google.com/asset/rug/4AFsxjoP2MgXtA
796,https://artsandculture.google.com/asset/karen-sharpe/KwFel2IaFxajwQ
797,https://artsandculture.google.com/asset/kennedy-visit-to-university-of-north-carolina-and-fort-bragg/NgHQYg4eSnnF_w
798,https://artsandculture.google.com/asset/ike-and-nixon/DAGg52UbCG4wuA
799,https://artsandculture.google.com/asset/TAFXOBaHsDaA6g
800,https://artsandculture.google.com/asset/mickey-cohen/FgGzcpXcxgVkRg
801,https://artsandculture.google.com/asset/linda-darnell/rgEAA10NCALJbQ
802,https://artsandculture.google.com/asset/pres-sukarno/QwGPCzBzlh_VAw
803,https://artsandculture.google.com/asset/xQGe5h5_lV0Juw
804,https://artsandculture.google.com/asset/les-oh-tomobiles/cgEoVhnnR-ImKA
805,https://artsandculture.google.com/asset/dorothy-dandridge-tarzans-pearl-1951/5QGj9zNEvSKzWw
806,https://artsandculture.google.com/asset/bAFuLceaQKiHCA
807,https://artsandculture.google.com/asset/senator-johnston/-wFf-5R-djU5Ew
808,https://artsandculture.google.com/asset/hillbillies-watch-ed-sullivan-show/YAEGKulj-eeRrw
809,https://artsandculture.google.com/asset/impedidos-1985/pAFdpkwcle_yJw
810,https://artsandculture.google.com/asset/girl-scouts-girl-scout-covers/YgFE1CW74iSnvw
811,https://artsandculture.google.com/asset/mickey-cohen/5wHabuGnYu2LDQ
812,https://artsandculture.google.com/asset/robert-kennedy-and-family/-AGfaPgh7P23lw
813,https://artsandculture.google.com/asset/brooklyn-essay/KAFlkGv45lgdmw
814,https://artsandculture.google.com/asset/marlon-brando-the-men/5wFcRagqKq7Q2w
815,https://artsandculture.google.com/asset/ike-having-box-lunch-at-capital/BQGkhEbgnMyHRQ
816,https://artsandculture.google.com/asset/passage-over-yesterday/tgFp3n7m17aSfQ
817,https://artsandculture.google.com/asset/integration-story/2gHsMe4rcVpbhQ
818,https://artsandculture.google.com/asset/dorothy-dandridge/6QFnlOB0HlfDPw
819,https://artsandculture.google.com/asset/karen-sharpe/wgHaKsXYBtczpQ
820,https://artsandculture.google.com/asset/gAEZw22DdJC9mg
821,https://artsandculture.google.com/asset/carousel-movie/2gE8Y6fvHP5Z9w
822,https://artsandculture.google.com/asset/japanese-royal-visit/jgHb6Hd8Jr0gSg
823,https://artsandculture.google.com/asset/academy-awards/sAEmM94oa5Prwg
824,https://artsandculture.google.com/asset/day-neon/8wE5zFOmYTgELg
825,https://artsandculture.google.com/asset/lee-krasner-standing-on-a-ladder-in-front-of-the-gate-1959-halley-erskine/vQFdCToOu8NoeA
826,https://artsandculture.google.com/asset/garden/lwE9cGXGHBeu4w
827,https://artsandculture.google.com/asset/ygGhmkHBzWpEJw
828,https://artsandculture.google.com/asset/life-of-a-worker-and-his-family-in-the-ussr/cAGS_7-0llgdmA
829,https://artsandculture.google.com/asset/general-lemay-arthur-godfrey/BQHFEUUXdMDIaw
830,https://artsandculture.google.com/asset/hwFbPb4djxItuQ
831,https://artsandculture.google.com/asset/jackie-kennedy-and-marie-eisenhower/SgEj0lKmqrU6oA
832,https://artsandculture.google.com/asset/susan-hayward/DwEWZDtPELsRgA
833,https://artsandculture.google.com/asset/fur-story/EgHMiqtAeOtEnw
834,https://artsandculture.google.com/asset/west-va-mine-disaster/rAFEPW-CUFF7Dw
835,https://artsandculture.google.com/asset/worlds-smallest-plane/UQFQvxULXToPEg
836,https://artsandculture.google.com/asset/marlon-brando-the-men/kQFQHsOtSeDuzg
837,https://artsandculture.google.com/asset/j-strom-thurmonds-wedding-gov-of-south-carolina/AAGV0AYWwPYeNw
838,https://artsandculture.google.com/asset/pQEI7OiJ3Dm3nA
839,https://artsandculture.google.com/asset/ike-trip-to-penn/7QFXz4cQriiGbg
840,https://artsandculture.google.com/asset/6AHl2l-BbMDH8A
841,https://artsandculture.google.com/asset/teen-agers/ggE3vHsZudrauQ
842,https://artsandculture.google.com/asset/mickey-cohen-explosion/BgEke-mDNrWibA
843,https://artsandculture.google.com/asset/inauguration/4AHajKv-MhkGOw
844,https://artsandculture.google.com/asset/susan-hayward/fAF1kzP63QE8cg
845,https://artsandculture.google.com/asset/marilyn-monroe/PwF61uTFp3PbwQ
846,https://artsandculture.google.com/asset/3QEjeirR6c8Sdw
847,https://artsandculture.google.com/asset/agEN6YJJZmF7TQ
848,https://artsandculture.google.com/asset/-QHoPJFAucc1bw
849,https://artsandculture.google.com/asset/desegregation-norfolk/cwFgtSSCK7PL-A
850,https://artsandculture.google.com/asset/navy-families-cross-country-move/-gGuyWAD3thO6A
851,https://artsandculture.google.com/asset/carousel-movie/-QHwur1fQ8LkWg
852,https://artsandculture.google.com/asset/journey-through-space/KwGIt3W0QaH2DQ
853,https://artsandculture.google.com/asset/bAHDWwO1Yx59-g
854,https://artsandculture.google.com/asset/RQFCCgpo5wSTdQ
855,https://artsandculture.google.com/asset/EgGk2EZk8jp-qA
856,https://artsandculture.google.com/asset/gettysburg-battlefeild-ike-krushchev-visit/1gEagje9mBgP1Q
857,https://artsandculture.google.com/asset/jaccuse/sAFw5dWGar9-hw
858,https://artsandculture.google.com/asset/stelizabeths-hospital-players-and-their-play-washington/zQESo09D3gxmlg
859,https://artsandculture.google.com/asset/maria-tall-chief-swan-lake/9QHCAIOdgwdAlg
860,https://artsandculture.google.com/asset/brooklyn-essay/XQHCjFtrSGc3Og
861,https://artsandculture.google.com/asset/ruth-roman/RwGWNVObhTJkeQ
862,https://artsandculture.google.com/asset/marlon-brando-the-men/XQEoXpXdrFoJwQ
863,https://artsandculture.google.com/asset/carousel-movie/zQEBPQaxqy60dQ
864,https://artsandculture.google.com/asset/iwo-jima/jwG2-UKQkKnAVw
865,https://artsandculture.google.com/asset/symphony/0wG4kuGrDgKnXA
866,https://artsandculture.google.com/asset/japanese-royal-visit/FQFF5EI7a79UZg
867,https://artsandculture.google.com/asset/khrushchev-visit/-QE9m5HDXCQudg
868,https://artsandculture.google.com/asset/OgG6xGDBhu4OMQ
869,https://artsandculture.google.com/asset/pres-sukarno/VgHx6jJUAl_PBw
870,https://artsandculture.google.com/asset/republican-convention-ikes-speech/IwFUPCQJcdZqRw
871,https://artsandculture.google.com/asset/cadillac/_gEWt7EzcYQjmg
872,https://artsandculture.google.com/asset/pres-sukarno/QAG2jmEi-7srNA
873,https://artsandculture.google.com/asset/taylor-hilton-wedding/EwHvCpJqwOmPxg
874,https://artsandculture.google.com/asset/manh-da-srie-caminho/SQF18K12tGxJag
875,https://artsandculture.google.com/asset/executive-council-in-puerto-rico/-gEvJtpuzLwGdA
876,https://artsandculture.google.com/asset/desert-fox/ewEuTEKvdMSXyA
877,https://artsandculture.google.com/asset/CQHMoB4y3I7nng
878,https://artsandculture.google.com/asset/academy-awards/iAE96ClC-FvxKQ
879,https://artsandculture.google.com/asset/congressional-leaders-visit-president-at-white-house/VwH18QFr-42wFg
880,https://artsandculture.google.com/asset/MgGzYeIBBVDgtg
881,https://artsandculture.google.com/asset/cadillac/vgHQxAW29uwlVQ
882,https://artsandculture.google.com/asset/calamity-jane-with-doris-day-movie/9gF66XdFKknbIQ
883,https://artsandculture.google.com/asset/academy-awards/xAG8o_b_1CRJmw
884,https://artsandculture.google.com/asset/uwGLbo80MM4UPg
885,https://artsandculture.google.com/asset/linda-darnell/9AH75ztBYvz8Mw
886,https://artsandculture.google.com/asset/lwH8ySNenUvIyQ
887,https://artsandculture.google.com/asset/linda-darnell/hAFSVEjSMuAVBQ
888,https://artsandculture.google.com/asset/EwG-vIsEw-AYjw
889,https://artsandculture.google.com/asset/girl-scouts-girl-scout-covers/AwGHBIHWEjShIA
890,https://artsandculture.google.com/asset/alfred-cortot/JQE7Bd0Xxxok0Q
891,https://artsandculture.google.com/asset/_AEBR7FyCpL7SQ
892,https://artsandculture.google.com/asset/elizabeth-taylors-wedding-to-nick-hilton/rQHPX7PUxM46SQ
893,https://artsandculture.google.com/asset/firing-of-dr-compton/TAEa6JlyhJjNqg
894,https://artsandculture.google.com/asset/jimmy-durante-in-rupert-ii/kwFkW7kzYmuQgQ
895,https://artsandculture.google.com/asset/iwFQjVnDGF8lbA
896,https://artsandculture.google.com/asset/desegregation-norfolk/JQHqr-rJNo8-eg
897,https://artsandculture.google.com/asset/carousel-movie/5gFuoh4Ln__4xg
898,https://artsandculture.google.com/asset/AQHB98YAbYs8IQ
899,https://artsandculture.google.com/asset/ngEAYyXzEYHyGw
900,https://artsandculture.google.com/asset/tAHpJaF0hWKOaA
901,https://artsandculture.google.com/asset/6gE7LAMacxOMow
902,https://artsandculture.google.com/asset/NQGneVZa_5XAjA
903,https://artsandculture.google.com/asset/KwF0CF1WNaEBTA
904,https://artsandculture.google.com/asset/robert-kennedy-and-family/9QF3HpQpXm1D5Q
905,https://artsandculture.google.com/asset/lili-stcyrs-trial/hAEECOPAZD9v-w
906,https://artsandculture.google.com/asset/SAEHMgjh_oattA
907,https://artsandculture.google.com/asset/a-little-zen/CgEk-pB65mcbew
908,https://artsandculture.google.com/asset/brooklyn-essay/zQFr4g-uRXxBpQ
909,https://artsandculture.google.com/asset/cAHQo69IuawmBw
910,https://artsandculture.google.com/asset/cheesecake/aQEgbtj0lRYDPA
911,https://artsandculture.google.com/asset/cheesecake/6QF4Txkwiz_Oqw
912,https://artsandculture.google.com/asset/IAFccNeun7DE9A
913,https://artsandculture.google.com/asset/atom-blasted-mannequins-displayed-pershing-square-los-angeles/rgE6eh7VI2hX7A
914,https://artsandculture.google.com/asset/hAGeiPAFlM7hrw
915,https://artsandculture.google.com/asset/5823/kgFA51TPrs2nvA
916,https://artsandculture.google.com/asset/calamity-jane-with-doris-day-movie/3wHlLFmg4B2SbA
917,https://artsandculture.google.com/asset/desegregation-norfolk/dwEuh20HdQAFoA
918,https://artsandculture.google.com/asset/nwFrVMKYjNfs6A
919,https://artsandculture.google.com/asset/nato-ministers-conference/RwFYNFgop63saQ
920,https://artsandculture.google.com/asset/ph-751/XQH_DBhi3P5X0w
921,https://artsandculture.google.com/asset/helen-frankenthaler-working/7QGg3BwyABsXXw
922,https://artsandculture.google.com/asset/pres-sukarno-of-indonesia/WAFM9fBP1ptwRQ
923,https://artsandculture.google.com/asset/academy-awards/DQGYM-Lq0jqi0A
924,https://artsandculture.google.com/asset/opening-of-congress/8QHpVtMRSqmayg
925,https://artsandculture.google.com/asset/-gFVzw0uGzQ4cw
926,https://artsandculture.google.com/asset/cheesecake/qQHGQ1nebyWZ2w
927,https://artsandculture.google.com/asset/general-le-may/HgGeHZY877qa1g
928,https://artsandculture.google.com/asset/dulles-herter-briefing-congressman-u-2-incident/6wHHSrbi1mX8-w
929,https://artsandculture.google.com/asset/modern-design-houses/AAFndNjIeGC3Dg
930,https://artsandculture.google.com/asset/admiral-bull-halseys-funeral-washington/XwGYtvMv7LBo5Q
931,https://artsandculture.google.com/asset/dwGOYxx2Iyz5VQ
932,https://artsandculture.google.com/asset/teen-agers/9wF8XeETeQufcQ
933,https://artsandculture.google.com/asset/inauguration/1wFfebOPSPxuSw
934,https://artsandculture.google.com/asset/PgGcheg33DrcKA
935,https://artsandculture.google.com/asset/hearings-on-radioactive-fallout/hwE96NozEXPkXg
936,https://artsandculture.google.com/asset/lili-stcyrs-trial/igGIv8ZHrYyg1Q
937,https://artsandculture.google.com/asset/elizabeth-taylors-wedding-to-nick-hilton/2AGM7_xz4HpjQg
938,https://artsandculture.google.com/asset/carousel-movie/JwGlb4Y9pmRvkw
939,https://artsandculture.google.com/asset/industrialization-of-the-south/UQEotc4jVG41Cg
940,https://artsandculture.google.com/asset/cheesecake/4QHW0hPwQ4H8Ew
941,https://artsandculture.google.com/asset/bwFXlYOhBpo5wA
942,https://artsandculture.google.com/asset/dinah-shores-lost-voice/VQHi35oXI6IJIA
943,https://artsandculture.google.com/asset/secretary-of-defense-tom-gates-close-up/PAH77HMGFJTsSQ
944,https://artsandculture.google.com/asset/dorothy-dandridge/_gFr2yj7vux7mQ
945,https://artsandculture.google.com/asset/marlon-brando-the-men/3gGtaFs3cHTq9w
946,https://artsandculture.google.com/asset/mickey-cohen/AQGHgGOMdWdCtw
947,https://artsandculture.google.com/asset/untitled-1969-pollock-krasner-foundation/NgHzJCRWWY_jbQ
948,https://artsandculture.google.com/asset/senator-dick-nixon/4QGO62idgjhEeA
949,https://artsandculture.google.com/asset/sAEkw9h40Veprw
950,https://artsandculture.google.com/asset/JQHo3gjgp7VtWw
951,https://artsandculture.google.com/asset/linda-darnell/SwFUBHR-7e_HAg
952,https://artsandculture.google.com/asset/ava-gardner-in-north-carolina/jgFuIZLoPDVQmA
953,https://artsandculture.google.com/asset/wAHe8T_wHZFcfA
954,https://artsandculture.google.com/asset/desegregation-norfolk/bgFxi7PvSxo_1w
955,https://artsandculture.google.com/asset/tungsten-mining/QAE7DuvXSJlJPQ
956,https://artsandculture.google.com/asset/VgELaBQI51W29Q
957,https://artsandculture.google.com/asset/GwHEcN5J0kBwTg
958,https://artsandculture.google.com/asset/nato-ministers-conference/EQGseQrON8io7A
959,https://artsandculture.google.com/asset/democratic-convention/3AHzus13On3KHw
960,https://artsandculture.google.com/asset/phyllis-kirk/xgH2wuAe6JQ7Sg
961,https://artsandculture.google.com/asset/ygGo6UPDQImfJA
962,https://artsandculture.google.com/asset/dinah-shores-tv-show/rgHh6Ro0uM-wPQ
963,https://artsandculture.google.com/asset/deans-beban-golf-champ/PQER4KNJxkpumw
964,https://artsandculture.google.com/asset/mAEzew1mzZ0hlw
965,https://artsandculture.google.com/asset/colombo-conference-seattle/TQGURM8283JETA
966,https://artsandculture.google.com/asset/basketball-players/igHgPVb9Z3FfSg
967,https://artsandculture.google.com/asset/marlon-brando-the-men/WAGGou_JDJl0aA
968,https://artsandculture.google.com/asset/dorothy-dandridge/wwG6v0rj63zfxQ
969,https://artsandculture.google.com/asset/carousel-movie/sQEi59UN1Zzpgw
970,https://artsandculture.google.com/asset/mgEMtIVbvrPMhw
971,https://artsandculture.google.com/asset/girl-scouts-girl-scout-covers/-wG8yYKkNAxgfw
972,https://artsandculture.google.com/asset/desegregation-norfolk/PwGmlp2BhQaqOg
973,https://artsandculture.google.com/asset/ZQE1Ex_F-sc7YA
974,https://artsandculture.google.com/asset/marilyn-monroe/6AHyHpCiDSg9kA
975,https://artsandculture.google.com/asset/crab-fro-vac-story/2AEFLw1tDoHtOw
976,https://artsandculture.google.com/asset/carousel-movie/bQFebJEKCj7RTQ
977,https://artsandculture.google.com/asset/susan-hayward/iQEWYTOIpZLJ2w
978,https://artsandculture.google.com/asset/lili-stcyrs-trial/NQHqyB1URHxnKA
979,https://artsandculture.google.com/asset/small-structure/4AGTC9FXtudiKQ
980,https://artsandculture.google.com/asset/marlon-brando-the-men/uQG8QJgN93M74w
981,https://artsandculture.google.com/asset/glen-ora-middleburg-va/TAFLsR0xV0EZ6g
982,https://artsandculture.google.com/asset/PQE0Ey4Iwh1jhg
983,https://artsandculture.google.com/asset/susan-hayward/QgEJC0VN-iKbVA
984,https://artsandculture.google.com/asset/d-daindrige/qQEYvr1RUOmjbg
985,https://artsandculture.google.com/asset/teen-agers/CQEYNmR5esWmmg
986,https://artsandculture.google.com/asset/chino-prison/0gHjKU4-JP0pvg
987,https://artsandculture.google.com/asset/black-magic-negroes-louisiana/xgGx9Wswa3ukKQ
988,https://artsandculture.google.com/asset/pres-sukarno-of-indonesia/IAHQou5-Vxelfw
989,https://artsandculture.google.com/asset/UQHHXwDrEYIS0w
990,https://artsandculture.google.com/asset/JgGHoZDmU5V0Iw
991,https://artsandculture.google.com/asset/marilyn-monroe/8wEfQeKBUvOCsw
992,https://artsandculture.google.com/asset/marlon-brando-the-men/NwETmkyCPY7kdQ
993,https://artsandculture.google.com/asset/qQECyjE29_2cbw
994,https://artsandculture.google.com/asset/xAHVewK-hoc9vQ
995,https://artsandculture.google.com/asset/congressional-leaders-visit-president-at-white-house/iQGIkRdg62J4dg
996,https://artsandculture.google.com/asset/marlon-brando-the-men/jwHRx42c-vo-Nw
997,https://artsandculture.google.com/asset/ike-in-retirement/lQEcB3RAtsLbNQ
998,https://artsandculture.google.com/asset/japanese-royal-visit/qgG28rJa2_CH-w
999,https://artsandculture.google.com/asset/sands-of-iwo-jima/VAHa2A8nGAMRyA
1000,https://artsandculture.google.com/asset/cheesecake/ygEM1gKM6xWb1w
1001,https://artsandculture.google.com/asset/hQGTrxDe3sXDiw
1002,https://artsandculture.google.com/asset/ph-163/YwGAIrFJ7Jscaw
1003,https://artsandculture.google.com/asset/susan-hayward/pAF2900T0FwSvA
1004,https://artsandculture.google.com/asset/gentlemen-prefer-blondes/GQHcOJd21cCU-Q
1005,https://artsandculture.google.com/asset/ph-223/cwEKeGfLMKfZgg
1006,https://artsandculture.google.com/asset/back-through-sound/OwEEm5F9VBR_2g
1007,https://artsandculture.google.com/asset/yQFFXsgrfpfM5Q
1008,https://artsandculture.google.com/asset/robert-kennedy-and-family/NQFfiM3pr2XDMA
1009,https://artsandculture.google.com/asset/1wExOLAybFGLMw
1010,https://artsandculture.google.com/asset/d-daindrige/8wFqvhJVz05Z6Q
1011,https://artsandculture.google.com/asset/9gFA2yTdACW4qg
1012,https://artsandculture.google.com/asset/dr-harry-wexler/0AGKA2AEGhf-Kg
1013,https://artsandculture.google.com/asset/suspended-landscape/BgFYwGqT7AB8XA
1014,https://artsandculture.google.com/asset/PAE54I68kJ0mMg
1015,https://artsandculture.google.com/asset/sgElxGjr2FabJQ
1016,https://artsandculture.google.com/asset/RwEzGz7tmoOETQ
1017,https://artsandculture.google.com/asset/pres-sukarno/IAGSJGNxnYOoKA
1018,https://artsandculture.google.com/asset/vp-of-china-chen-cheng/CwEBYex2MtuoNA
1019,https://artsandculture.google.com/asset/calamity-jane-with-doris-day-movie/EQFhwf9ypkTFKQ
1020,https://artsandculture.google.com/asset/pres-sukarno-of-indonesia/DAETGMdqJqxdxg
1021,https://artsandculture.google.com/asset/porgy-and-bess-in-leningrad/bQFcHjjQ5wSIZw
1022,https://artsandculture.google.com/asset/YwEqD0h6nJvCuQ
1023,https://artsandculture.google.com/asset/calamity-jane-with-doris-day-movie/SgHbv_z_Z3xQvQ
1024,https://artsandculture.google.com/asset/azalea-festival-patricia-le-may-queen/cgE9aogtDZYByQ
1025,https://artsandculture.google.com/asset/teen-agers/HgE8tZC42z12BQ
1026,https://artsandculture.google.com/asset/marlon-brando-the-men/-AEjbK1DWkxG9g
1027,https://artsandculture.google.com/asset/soviet-culture-and-entertainment/awGGa4w6teKfiw
1028,https://artsandculture.google.com/asset/soviet-culture-and-entertainment/iwHsiG3BM8Z49Q
1029,https://artsandculture.google.com/asset/rgH7qrfYltfrsw
1030,https://artsandculture.google.com/asset/marlon-brando-the-men/QQHxtdPjK3dMPA
1031,https://artsandculture.google.com/asset/mamie-eisenhower/sQEDKHLNJAPjKw
1032,https://artsandculture.google.com/asset/marlon-brando-the-men/ywEoOLVozMRkJA
1033,https://artsandculture.google.com/asset/5QGocXhP_tKMuA
1034,https://artsandculture.google.com/asset/gentlemen-prefer-blondes/GAE51Qsqd3qmNQ
1035,https://artsandculture.google.com/asset/japans-kishi-visits-washington/hQEXSkVj2c6SXQ
1036,https://artsandculture.google.com/asset/carousel-movie/egHLHOfqC04n5A
1037,https://artsandculture.google.com/asset/linda-darnell/3wEEN7NQbHeeLw
1038,https://artsandculture.google.com/asset/elizabeth-taylors-wedding-to-nick-hilton/4gEa-UiZASb4jw
1039,https://artsandculture.google.com/asset/XwG8yEheefIU7g
1040,https://artsandculture.google.com/asset/OQHg9nEOFgyCOg
1041,https://artsandculture.google.com/asset/ethel-barrymores-70th-birthday/9wH7ntqk5VcgeQ
1042,https://artsandculture.google.com/asset/academy-awards/RQFW1Z9TH_EdPg
1043,https://artsandculture.google.com/asset/iQFlTCgwmpi9CA
1044,https://artsandculture.google.com/asset/iwGdwkEpeXlP8g
1045,https://artsandculture.google.com/asset/democratic-convention/KwEKrm8cc-EDXQ
1046,https://artsandculture.google.com/asset/pres-sukarno-of-indonesia/eAG6KFERO5N1vg
1047,https://artsandculture.google.com/asset/gentlemen-prefer-blondes/eQHJhDQn1CswOQ
1048,https://artsandculture.google.com/asset/ikes-tour-of-canaveral/nAFxVuG3Ihi0tQ
1049,https://artsandculture.google.com/asset/mr-khrushchev-return-to-washington/XAHUhor28Qzfvw
1050,https://artsandculture.google.com/asset/truman-wednesday-am-walk/VgGqwcuw80aBDA
1051,https://artsandculture.google.com/asset/republican-convention/5AHUtLQNIzqKLw
1052,https://artsandculture.google.com/asset/calamity-jane-with-doris-day-movie/pQFcqSwiXRyJTg
1053,https://artsandculture.google.com/asset/trabert-wedding/fAECMxv4ULWHIg
1054,https://artsandculture.google.com/asset/5QG0yoo3LO9vhQ
1055,https://artsandculture.google.com/asset/equilibrium/VgFcwGaE42bRuw
1056,https://artsandculture.google.com/asset/west-virginia-primary-kennedy-victory/fwEy0jCVz3dFyA
1057,https://artsandculture.google.com/asset/princess-grace-and-prince-rainier-at-white-house/1wGD5q_HHcc8qA
1058,https://artsandculture.google.com/asset/zgF3zL6VVCJ9XQ
1059,https://artsandculture.google.com/asset/jgH9fNBUVpQtig
1060,https://artsandculture.google.com/asset/ph-455/9AGC1bGRwZxc2Q
1061,https://artsandculture.google.com/asset/jackie-kennedy/1wG9vtWiuY89fQ
1062,https://artsandculture.google.com/asset/january-58/2gGQG_7qEH2Pvg
1063,https://artsandculture.google.com/asset/susan-hayward/8QFdXBV6gLhzWQ
1064,https://artsandculture.google.com/asset/ike-bobby-kennedy-goldburg-at-christmas/DwE8PcqkwbMMeA
1065,https://artsandculture.google.com/asset/_wHCHDJpjtrqQg
1066,https://artsandculture.google.com/asset/calamity-jane-with-doris-day-movie/QQFlQdYQXlehVA
1067,https://artsandculture.google.com/asset/cr-ed-clark/vAGoBvNn9kYKGA
1068,https://artsandculture.google.com/asset/marlon-brando-the-men/FQFLKAXIeA2HZQ
1069,https://artsandculture.google.com/asset/ikes-picnic/YAHyaWyVACrLGA
1070,https://artsandculture.google.com/asset/desegregation-norfolk/VwEm2_GorJ9elA
1071,https://artsandculture.google.com/asset/owF56ZRgTncI4g
1072,https://artsandculture.google.com/asset/pres-sukarno-of-indonesia/9wHt3fcFADvZGA
1073,https://artsandculture.google.com/asset/kennedys-week/MAGnvZdujdh11w
1074,https://artsandculture.google.com/asset/ph-85/GQEBcvbsBi_CkA
1075,https://artsandculture.google.com/asset/life-of-a-worker-and-his-family-in-the-ussr/2QG7XjJN2bF9sQ
1076,https://artsandculture.google.com/asset/marlon-brando-the-men/awEDVT9WFSFUaQ
1077,https://artsandculture.google.com/asset/ZwHHXcnqfkNjnA
1078,https://artsandculture.google.com/asset/freemasonry-story/7QFzhe4ZOSLBZA
1079,https://artsandculture.google.com/asset/jackie-kennedy/FAH1_ecWK6i5qA
1080,https://artsandculture.google.com/asset/TQHlM-cThRaFww
1081,https://artsandculture.google.com/asset/WQH6lJkwQIAXqw
1082,https://artsandculture.google.com/asset/pQE8JAQE4DShKA
1083,https://artsandculture.google.com/asset/air-age/ngFdXeMm-4H7AQ
1084,https://artsandculture.google.com/asset/marlon-brando-the-men/FgH8VAWtjWHA2g
1085,https://artsandculture.google.com/asset/robert-kennedy-family/dAGKrKRarJFS2Q
1086,https://artsandculture.google.com/asset/robert-kennedy-family/lAF58AYRZFT8fQ
1087,https://artsandculture.google.com/asset/agFPIo1Nqx9kTg
1088,https://artsandculture.google.com/asset/academy-awards/7gGh78TOK4m6ow
1089,https://artsandculture.google.com/asset/PAGyX3toTXxhfA
1090,https://artsandculture.google.com/asset/pres-sukarno/yAFiixNmTv186w
1091,https://artsandculture.google.com/asset/pentagon-press-conference/3wF9tHczMaMNkg
1092,https://artsandculture.google.com/asset/kennedy-and-macmillan/KwFF5X2aTfUKvQ
1093,https://artsandculture.google.com/asset/marlon-brando-the-men/LgHnFherkSzm-Q
1094,https://artsandculture.google.com/asset/oQHjTCYrREeD-w
1095,https://artsandculture.google.com/asset/king-sauds-son/wwHxFQ_68qtXOQ
1096,https://artsandculture.google.com/asset/susan-hayward/SQEazULusaT14w
1097,https://artsandculture.google.com/asset/farol/agH0qcI-9FRFiw
1098,https://artsandculture.google.com/asset/academy-awards/8AEWyDNQxg8-JA
1099,https://artsandculture.google.com/asset/BAEWlTaThXQ5IA
1100,https://artsandculture.google.com/asset/mule-race-with-ill-central-rr-greenville-miss/EgF3N9BsDzo0KA
1101,https://artsandculture.google.com/asset/nixons-arrival-at-washington-airport/IAHV7o4lYpfB6A
1102,https://artsandculture.google.com/asset/security-council/SwHhKuqnC21Xog
1103,https://artsandculture.google.com/asset/hwG_Tth8i43JYg
1104,https://artsandculture.google.com/asset/ZAEVI9K8B55dbQ
1105,https://artsandculture.google.com/asset/marlon-brando-the-men/KgH1k0tIxVe31Q
1106,https://artsandculture.google.com/asset/mickey-cohen/8wF2bgV70jT6Ew
1107,https://artsandculture.google.com/asset/mickey-cohen/jAF93-lfxfhiqg
1108,https://artsandculture.google.com/asset/margaret-oneals-kappa-alpha-theta-old-south-party-mercer-u-chapter/awHyLeWAeAYS4g
1109,https://artsandculture.google.com/asset/inauguration/QQFqVtdFryRIhg
1110,https://artsandculture.google.com/asset/gentlemen-prefer-blondes/xwFapjr-8K2Udw
1111,https://artsandculture.google.com/asset/marlon-brando-the-men/zAHmOzN875zc0g
1112,https://artsandculture.google.com/asset/king-saud-in-washington/ZgGJ6mbUDt8wOw
1113,https://artsandculture.google.com/asset/ike-leaving-white-house-for-hosp/mwEttqtsVzH8Zw
1114,https://artsandculture.google.com/asset/pwETORCIZg6Bzg
1115,https://artsandculture.google.com/asset/ike-in-newport/GAEtMAkcLCqbGg
1116,https://artsandculture.google.com/asset/ph-285/pwH2s25irH5E6g
1117,https://artsandculture.google.com/asset/antony-eden/-QHgtDB4dF5d6g
1118,https://artsandculture.google.com/asset/dewey-trip/8AH28VrUy4er3w
1119,https://artsandculture.google.com/asset/republican-convention/ngGBLTn1gNc1aQ
1120,https://artsandculture.google.com/asset/marlon-brando-the-men/GwFxrW4kAx57UA
1121,https://artsandculture.google.com/asset/pres-sukarno/-wH-h9lhr_Vvgg
1122,https://artsandculture.google.com/asset/calamity-jane-with-doris-day-movie/qgEv9VyNqhKn2A
1123,https://artsandculture.google.com/asset/altitudes/MQFYhm80mxxizQ
1124,https://artsandculture.google.com/asset/labor-hearings-lyndon-johnson/_AEsFP6UWIO2NQ
1125,https://artsandculture.google.com/asset/fQHAQh-4fZ7Kgg
1126,https://artsandculture.google.com/asset/executive-council-in-puerto-rico/8QGxXYkL3IvmvA
1127,https://artsandculture.google.com/asset/forest/ygHj-sazVH3C5A
1128,https://artsandculture.google.com/asset/6AHYkZq1Osga7g
1129,https://artsandculture.google.com/asset/marilyn-monroe/BwGEh9B2Lfkhog
1130,https://artsandculture.google.com/asset/ph-235/kQErasc1Xfv8qw
1131,https://artsandculture.google.com/asset/KQHU0Aj7buG4iw
1132,https://artsandculture.google.com/asset/nato-ministers-conference/GgEvoErBYn1sEw
1133,https://artsandculture.google.com/asset/desegregation-norfolk/uwFGmgWxzgyBoA
1134,https://artsandculture.google.com/asset/basketball-players/LwGRN_jVwPB9ug
1135,https://artsandculture.google.com/asset/pres-sukarno/IgH5ySe5w8QmuQ
1136,https://artsandculture.google.com/asset/marlon-brando-the-men/PwGtEIKM_Ookug
1137,https://artsandculture.google.com/asset/mickey-cohen/FAETOSufmzJsPw
1138,https://artsandculture.google.com/asset/freemasonry-story/TgFxgh2dl3RjUQ
1139,https://artsandculture.google.com/asset/4QF_M_W12FJHdQ
1140,https://artsandculture.google.com/asset/VgFY_FeXR_EzAg
1141,https://artsandculture.google.com/asset/JAGtPmm1Jg3Hkw
1142,https://artsandculture.google.com/asset/elizabeth-taylors-wedding-to-nick-hilton/3gGBjSpymVwJkw
1143,https://artsandculture.google.com/asset/ike-at-gettysburg/lQE3pKtuZPiH-w
1144,https://artsandculture.google.com/asset/inauguration/DwHg0ExMySpdrg
1145,https://artsandculture.google.com/asset/cheesecake/9wGCjSPy5_F9vQ
1146,https://artsandculture.google.com/asset/marlon-brando-the-men/-wFfXmijQWWWjg
1147,https://artsandculture.google.com/asset/AgE9NmBbuybv2w
1148,https://artsandculture.google.com/asset/igEd7z29Unegpw
1149,https://artsandculture.google.com/asset/ascend/HAEl9Y7gYby43A
1150,https://artsandculture.google.com/asset/TwEnEllLJrKpLg
1151,https://artsandculture.google.com/asset/lili-stcyrs-trial/cAEykId_uB5VUw
1152,https://artsandculture.google.com/asset/inaugural-balls/dwGDNlbe8UR9zw
1153,https://artsandculture.google.com/asset/VgFQhJ45tJKAIA
1154,https://artsandculture.google.com/asset/sgF6LsauU3c72Q
1155,https://artsandculture.google.com/asset/marilyn-monroe/2wEG_35pBVfq5Q
1156,https://artsandculture.google.com/asset/dorothy-dandridge/uAF0pq2xOsyeEQ
1157,https://artsandculture.google.com/asset/ph-374/3QExa4hNYCuItA
1158,https://artsandculture.google.com/asset/ike-in-palm-springs/YAFmHFjoSdlcSg
1159,https://artsandculture.google.com/asset/motifs-in-a-garage/ZgE_UA8MHN2T6w
1160,https://artsandculture.google.com/asset/pres-sukarno/fwH-KCkPAc-AlA
1161,https://artsandculture.google.com/asset/marlon-brando-the-men/JgEivjFNB_tw6Q
1162,https://artsandculture.google.com/asset/jackie-kennedy/UgF7EozEZKofhQ
1163,https://artsandculture.google.com/asset/cobalto-y-blanco/ZwHH7CYBUapYTA
1164,https://artsandculture.google.com/asset/sukarno-arrival/zAEpNchDF6fRAg
1165,https://artsandculture.google.com/asset/as-in-winter/HwGBN4mAMGqsgQ
1166,https://artsandculture.google.com/asset/mamie-eisenhower/kwHg_p1xK-MBKQ
1167,https://artsandculture.google.com/asset/atlanta-teenagers/PwFAaQbFlCpN1Q
1168,https://artsandculture.google.com/asset/pAGzHjPnYdnyww
1169,https://artsandculture.google.com/asset/nios-con-cabra/_AH6FvWzbs6Eew
1170,https://artsandculture.google.com/asset/khrushchev-visit/cwHIHQLEID1mJA
1171,https://artsandculture.google.com/asset/marilyn-monroe/iwFxL9m3LN4PKw
1172,https://artsandculture.google.com/asset/pres-sukarno-of-indonesia/0AHv-phlIs3LKQ
1173,https://artsandculture.google.com/asset/airplane-industry-expansion/egGW8xycJmqOVg
1174,https://artsandculture.google.com/asset/pat-nixon/ZgGr36isSeSRFw
1175,https://artsandculture.google.com/asset/calamity-jane-with-doris-day-movie/3AFIUERHF7qKrg
1176,https://artsandculture.google.com/asset/lincolns-birthday-joint-session/VQG7NCDO869K1A
1177,https://artsandculture.google.com/asset/the-singing-of-the-earth/iQFEhgGR_eYvXg
1178,https://artsandculture.google.com/asset/kirk-douglas/NgHUcDIDWQjZeg
1179,https://artsandculture.google.com/asset/first-lady-redecorates-wh/5QFzIdxmcNG1qg
1180,https://artsandculture.google.com/asset/secretary-benson/7wGpWIB4h4Xcnw
1181,https://artsandculture.google.com/asset/marlon-brando-the-men/1QFtxdcG-pk7DA
1182,https://artsandculture.google.com/asset/american-priests-at-a-russian-service/nQFHchAMKGTfSQ
1183,https://artsandculture.google.com/asset/CgEiSjtUUyl0YQ
1184,https://artsandculture.google.com/asset/admiral-bull-halseys-funeral-washington/UwHwC84IfrxJNA
1185,https://artsandculture.google.com/asset/marlon-brando-the-men/xAF7ZC9dCBm1dQ
1186,https://artsandculture.google.com/asset/negros-praying-on-steps-of-supreme-court-in-wash-d-c/7gFHE7vAnhByHw
1187,https://artsandculture.google.com/asset/academy-awards/MQEOqBcKXtEUUg
1188,https://artsandculture.google.com/asset/dorothy-dandridge/-wFBbdRGBN3Rpw
1189,https://artsandculture.google.com/asset/egyptian-barnyard/XAEv5gyTuAHbpg
1190,https://artsandculture.google.com/asset/pres-sukarno/OQGsQHTgqQlLnA
1191,https://artsandculture.google.com/asset/pablo-casala/fgECu4o0OyOxsg
1192,https://artsandculture.google.com/asset/marilyn-monroe/NwG-CSuCG7ePPQ
1193,https://artsandculture.google.com/asset/mickey-cohen/3QF1WlfjOMp8kQ
1194,https://artsandculture.google.com/asset/rackets-comm/UAF3UCcbOPs0eg
1195,https://artsandculture.google.com/asset/ph-242/EgFJYNjUB9dxkg
1196,https://artsandculture.google.com/asset/dewey-campaign-trip/3gHbYG2733F9lQ
1197,https://artsandculture.google.com/asset/brooklyn-essay/5wGvGxX_t3TSTQ
1198,https://artsandculture.google.com/asset/QQEd1SKy23QX7A
1199,https://artsandculture.google.com/asset/jackie-kennedy/5gFoa7IfRdw-Rw
1200,https://artsandculture.google.com/asset/GQFOx8dD7xZPig
1201,https://artsandculture.google.com/asset/calamity-jane-with-doris-day-movie/mgGsysJtHtILrg
1202,https://artsandculture.google.com/asset/sin-titulo-bodegon/owE6u4X6OTkApw
1203,https://artsandculture.google.com/asset/calamity-jane-with-doris-day-movie/xAHlbGUwz8_vHQ
1204,https://artsandculture.google.com/asset/television-in-hollywood/fAH8UDr4ZwdIBw
1205,https://artsandculture.google.com/asset/marilyn-monroe/NQGciQzqLd0WGg
1206,https://artsandculture.google.com/asset/basketball-players/_AEFfmRZoMxfKw
1207,https://artsandculture.google.com/asset/ph-1060/RgEDn1qWQ8hjcw
1208,https://artsandculture.google.com/asset/societ-culture-and-entertainment/WAEEZ93qsLcW1A
1209,https://artsandculture.google.com/asset/pres-sukarno/dgGKyi6S33CoRw
1210,https://artsandculture.google.com/asset/teen-age-marriages/QwH21PnGpCE0YA
1211,https://artsandculture.google.com/asset/basketball-players/KgFJTNJdPwyHJA
1212,https://artsandculture.google.com/asset/girl-scouts-girl-scout-covers/5wEVwShb3LNOWA
1213,https://artsandculture.google.com/asset/television-in-hollywood/3AEbm7atFSpk9w
1214,https://artsandculture.google.com/asset/ph-68/tAHfxTmg-AO2SA
1215,https://artsandculture.google.com/asset/ph-205/JAH94weGl1eISw
1216,https://artsandculture.google.com/asset/DgHCWABmZD-24g
1217,https://artsandculture.google.com/asset/academy-awards/JgH5eJTOKacRAw
1218,https://artsandculture.google.com/asset/eAEU_CwBcJ4PwQ
1219,https://artsandculture.google.com/asset/igHOFXg_sTwJ2A
1220,https://artsandculture.google.com/asset/radio-give-away-hollywood-calling/VgEV1AwxbmrxEQ
1221,https://artsandculture.google.com/asset/BAFsbM80pw6C7A
1222,https://artsandculture.google.com/asset/pres-sukarno/FwELFzkkEvHKOQ
1223,https://artsandculture.google.com/asset/calamity-jane-with-doris-day-movie/kgH9I-mK0zytug
1224,https://artsandculture.google.com/asset/betty-skelton-champion-stunt/_QGqtsYF0-_QIw
1225,https://artsandculture.google.com/asset/pres-sukarno/SgHbh9BtgKZwoQ
1226,https://artsandculture.google.com/asset/6wG1a3ZYJwCV7w
1227,https://artsandculture.google.com/asset/calamity-jane-with-doris-day-movie/fAF6qoPnZ1QU6Q
1228,https://artsandculture.google.com/asset/president-leaving-georgia-for-wash-dc/SAF2tv9_LB32lQ
1229,https://artsandculture.google.com/asset/BAEf2_YRbXk9xg
1230,https://artsandculture.google.com/asset/porgy-and-bess-in-leningrad/iwETcOS2a9TQXQ
1231,https://artsandculture.google.com/asset/hoffas-press-conference/MAE-c6-OL1K7zw
1232,https://artsandculture.google.com/asset/aAGsrSG0k_JINg
1233,https://artsandculture.google.com/asset/afl-clo-council-in-puerto-rico/fAFURg_sJQgNXg
1234,https://artsandculture.google.com/asset/fur-story/YgExSta9uQBXRg
1235,https://artsandculture.google.com/asset/JgHXPmMsaSyc3w
1236,https://artsandculture.google.com/asset/ku-klux-klan/yAHwfz86fkmzRg
1237,https://artsandculture.google.com/asset/desegregation-norfolk/FQHSb9wickjEIg
1238,https://artsandculture.google.com/asset/ethel-barrymores-70th-birthday/XgGeKbCCd-qQnQ
1239,https://artsandculture.google.com/asset/inauguration/TAHt_jOPMNPmxA
1240,https://artsandculture.google.com/asset/boys-ranch/bwHs8pGKrgCINA
1241,https://artsandculture.google.com/asset/hearings-on-radioactive-fallout/OAFYv2kT1Nr_AQ
1242,https://artsandculture.google.com/asset/bwFVIhjE3PQW-A
1243,https://artsandculture.google.com/asset/pres-sukarno-of-indonesia/SAFn2n4HIYKmWA
1244,https://artsandculture.google.com/asset/boot-camp-weekend/hgHQ3IAH6v_Fdg
1245,https://artsandculture.google.com/asset/corporal-grey/6AGSQXL4nrc2mw
1246,https://artsandculture.google.com/asset/marina-berti/0QFYxv1sgaUjiA
1247,https://artsandculture.google.com/asset/JwEZhbyieE683w
1248,https://artsandculture.google.com/asset/pres-sukarno/yQHd2js8xk2qwA
1249,https://artsandculture.google.com/asset/marlon-brando-the-men/ugG8TyJp3IXwPA
1250,https://artsandculture.google.com/asset/marlon-brando-the-men/ywEIeac0r2C56w
1251,https://artsandculture.google.com/asset/HgF599QNpCsr0Q
1252,https://artsandculture.google.com/asset/afl-clo-council-in-puerto-rico/2wE2JACeSHFZ9A
1253,https://artsandculture.google.com/asset/minnesota-primary/ZgFTp04Nw4gdXg
1254,https://artsandculture.google.com/asset/susan-hayward/aQFYfdiVObMGIA
1255,https://artsandculture.google.com/asset/william-of-orange/HwEz1n3CiDji2g
1256,https://artsandculture.google.com/asset/celebration-of-october-revolution/TAHCTOGtgEafaQ
1257,https://artsandculture.google.com/asset/DQHVK7SzZt4a-w
1258,https://artsandculture.google.com/asset/carousel-movie/NwG7m2fxHSnouA
1259,https://artsandculture.google.com/asset/JgG5rvo073jouQ
1260,https://artsandculture.google.com/asset/ike-bobby-kennedy-goldburg-at-christmas/pAG5Rkx-wf0U4w
1261,https://artsandculture.google.com/asset/kwHAnsXv5GvWqA
1262,https://artsandculture.google.com/asset/kennedys-speech-berlin/FQGgnMygs5YiVw
1263,https://artsandculture.google.com/asset/marlon-brando-the-men/vQFK43k9ssdOpA
1264,https://artsandculture.google.com/asset/5gEpY7_lf6LYTA
1265,https://artsandculture.google.com/asset/vQHvYyabbpr_wQ
1266,https://artsandculture.google.com/asset/QgFTxXEJmYmh-Q
1267,https://artsandculture.google.com/asset/nixon-kennedy-2dn-debate/_QFm_957es98Pw
1268,https://artsandculture.google.com/asset/eisenhower-last-days-in-office/XwELr_zCVYoIwA
1269,https://artsandculture.google.com/asset/calamity-jane-with-doris-day-movie/MwGW0IrPckJ3SA
1270,https://artsandculture.google.com/asset/designer-to-jackson-pollock/owGArD242muGWw
1271,https://artsandculture.google.com/asset/inauguration/-gH__b52ISPV_g
1272,https://artsandculture.google.com/asset/ikes-plane-columbine-national-airport/8AExOiC26MNaQQ
1273,https://artsandculture.google.com/asset/afl-clo-council-in-puerto-rico/IAHgNEUCK3GubA
1274,https://artsandculture.google.com/asset/number-23-1951/_AHkr0Iro_swlg
1275,https://artsandculture.google.com/asset/nwG0SR5eZEhWVA
1276,https://artsandculture.google.com/asset/dorothy-dandridge-tarzans-pearl-1951/XAGhBMsb4VNX2w
1277,https://artsandculture.google.com/asset/afl-clo-council-in-puerto-rico/PgGMDdRWCtm0oA
1278,https://artsandculture.google.com/asset/susan-hayward/XAGvawb7sDSYbA
1279,https://artsandculture.google.com/asset/jackie-kennedy-and-marie-eisenhower/KAFn6w-A0N1xaw
1280,https://artsandculture.google.com/asset/jackie-kennedy-and-marie-eisenhower/-gHMkGciIRwD3Q
1281,https://artsandculture.google.com/asset/pres-sukarno-of-indonesia/5AFr5opDE_3Nmg
1282,https://artsandculture.google.com/asset/marlon-brando-the-men/UQGhJYD8HicbFA
1283,https://artsandculture.google.com/asset/j-strom-thurmonds-wedding-gov-of-south-carolina/VQEmyOUVhg9XJw
1284,https://artsandculture.google.com/asset/university-of-georgia-football-team/LgGZVpdvXBWNDQ
1285,https://artsandculture.google.com/asset/nQHGhAD0JH8xig
1286,https://artsandculture.google.com/asset/tungsten-mining/UAE1XwJ7wuWQ0w
1287,https://artsandculture.google.com/asset/general-le-may/6wGuCvFTmAg5XQ
1288,https://artsandculture.google.com/asset/dorothy-dandridge/KAGfUeZmtOGd1A
1289,https://artsandculture.google.com/asset/west-va-mine-disaster/UQFQPADOwlf9-w
1290,https://artsandculture.google.com/asset/OwEOlT7VbUoAKw
1291,https://artsandculture.google.com/asset/MQE_z5rFC5ElnQ
1292,https://artsandculture.google.com/asset/0QGtVpfK-wOUWw
1293,https://artsandculture.google.com/asset/labor-hearings/RQEqmCY2sPvcew
1294,https://artsandculture.google.com/asset/lili-stcyrs-trial/IgGDSK8dntdTrQ
1295,https://artsandculture.google.com/asset/ike-at-white-sulphur-springs/1AGTpMJXc-yeNg
1296,https://artsandculture.google.com/asset/basketball-players/ywEyNyEpRpF5JA
1297,https://artsandculture.google.com/asset/television-in-hollywood/dQEo8D7dLlwZ5w
1298,https://artsandculture.google.com/asset/professional-press-conference/4QGxCSq9Ya6r3A
1299,https://artsandculture.google.com/asset/zsa-zsa-gabor/_QG--jL8DnshWA
