,image
1091,Turner_J_M_W_Dunstanborough_Castle_published_1808.jpg
1092,Turner_J_M_W_Fishermen_at_Sea_1801.jpg
1093,Turner_J_M_W_Fishing_upon_the_Blythe_Sand_Tide_Setting_In_1809.jpg
1094,Turner_J_M_W_Flüelen_from_the_Lake_of_Lucerne_1845.jpg
1095,Turner_J_M_W_Forum_Romanum_for_Mr_Soane_39_s_Museum_1826.jpg
1096,Turner_J_M_W_Gibside_from_the_North_1817_1817.jpg
1097,Turner_J_M_W_Grenoble_Bridge_c_1824.jpg
1098,Turner_J_M_W_Hedging_and_Ditching_published_1812.jpg
1099,Turner_J_M_W_Interior_of_St_John_39_s_Palace_Eltham_ca_1793.jpg
1100,Turner_J_M_W_Juliet_and_her_Nurse_1836.jpg
1101,Turner_J_M_W_Keelmen_Heaving_in_Coals_by_Moonlight_1835.jpg
1102,Turner_J_M_W_Lake_of_Geneva_from_Montreux_circa_1810.jpg
1103,Turner_J_M_W_Landscape_with_Barn_ca_1795.jpg
1104,Turner_J_M_W_Landscape_with_Water_1840.jpg
1105,Turner_J_M_W_Leeds_1816.jpg
1106,Turner_J_M_W_London_from_Greenwich_Park_exhibited_1809.jpg
1107,Turner_J_M_W_Mer_de_Glace_in_the_Valley_of_Chamonix_1803.jpg
1108,Turner_J_M_W_Modern_Rome_Campo_Vaccino_1839.jpg
1109,Turner_J_M_W_Morning_amongst_the_Coniston_Fells_Cumberland_1798.jpg
1110,Turner_J_M_W_Morpeth_North_Liber_Studiorum_part_IV_plate_21_March_29_1809.jpg
1111,Turner_J_M_W_Mortlake_Terrace_1827.jpg
1112,Turner_J_M_W_Norham_Castle_published_1816.jpg
1113,Turner_J_M_W_Quillebeuf_Mouth_of_the_Seine_1833.jpg
1114,Turner_J_M_W_Rheinfels_Looking_to_Katz_and_Gourhausen_1817.jpg
1115,Turner_J_M_W_Rispah_1812.jpg
1116,Turner_J_M_W_Self_Portrait_1791_1793.jpg
1117,Turner_J_M_W_Sheerness_as_seen_from_the_Nore_1808.jpg
1118,Turner_J_M_W_Shipping_at_the_Mouth_of_the_Thames_Around_1806.jpg
1119,Turner_J_M_W_Stormy_Sea_Breaking_on_a_Shore_between_1840_and_1845.jpg
1120,Turner_J_M_W_Study_of_Sea_and_Sky_Isle_of_Wight_1827_01_01.jpg
1121,Turner_J_M_W_Tenth_Plague_of_Egypt_1812_published_1816.jpg
1122,Turner_J_M_W_Tenth_Plague_of_Egypt_published_1816.jpg
1123,Turner_J_M_W_The_Artist_and_his_Admirers_1827.jpg
1124,Turner_J_M_W_The_Bay_of_Baiae_with_Apollo_and_the_Sibyl_1823.jpg
1125,Turner_J_M_W_The_Burning_of_the_Houses_of_Lords_and_Commons_16_October_1834_1835.jpg
1126,Turner_J_M_W_The_Burning_of_the_Houses_of_Lords_and_Commons_October_16_1834_1834_1835.jpg
1127,Turner_J_M_W_The_Channel_Sketchbook_1845.jpg
1128,Turner_J_M_W_The_Channel_Sketchbook_1845_0001.jpg
1129,Turner_J_M_W_The_Fifth_Plague_of_Egypt_1800.jpg
1130,Turner_J_M_W_The_Fifth_Plague_of_Egypt_Liber_Studiorum_part_III_plate_16_June_10_1808.jpg
1131,Turner_J_M_W_The_Fifth_Plague_of_Egypt_Liber_Studiorum_part_III_plate_16_June_10_1808_0001.jpg
1132,Turner_J_M_W_The_Fifth_Plague_of_Egypt_published_1808.jpg
1133,Turner_J_M_W_The_Junction_of_the_Thames_and_the_Medway_1807.jpg
1134,Turner_J_M_W_The_Red_Rigi_1842.jpg
1135,Turner_J_M_W_The_Roman_Tower_Andernach_1817.jpg
1136,Turner_J_M_W_The_Shipwreck_1805.jpg
1137,Turner_J_M_W_The_Sun_of_Venice_1840.jpg
1138,Turner_J_M_W_The_Sun_of_Venice_Going_to_Sea_1843.jpg
1139,Turner_J_M_W_The_Thames_above_Waterloo_Bridge_Around_1830.jpg
1140,Turner_J_M_W_The_Thames_near_Walton_Bridges_1805.jpg
1141,Turner_J_M_W_The_Wreck_of_a_Transport_Ship_c_1810.jpg
1142,Turner_J_M_W_Tummel_Bridge_Perthshire_between_1802_and_1803.jpg
1143,Turner_J_M_W_Upper_Fall_of_the_Reichenbach__Rainbow_1810.jpg
1144,Turner_J_M_W_Venice_from_the_Porch_of_Madonna_della_Salute_ca_1835.jpg
1145,Turner_J_M_W_Venice_the_Bridge_of_Sighs_1840.jpg
1146,Turner_J_M_W_Venice_with_the_Salute_Around_1840.jpg
1147,Turner_J_M_W_Venice__The_Dogana_and_San_Giorgio_Maggiore_1834.jpg
1148,Turner_J_M_W_Vesuvius_in_Eruption_between_1817_and_1820.jpg
1149,Turner_J_M_W_View_of_Ely_Cathedral_ca_1796.jpg
1150,Turner_J_M_W_View_of_Richmond_Hill_and_Bridge_1805.jpg
1151,Turner_J_M_W_Villa_Salviati_on_the_Arno_between_1796_and_1797.jpg
1152,Turner_J_M_W_Walton_Reach_1805.jpg
1153,Turner_J_M_W_Whalers_ca_1845.jpg
1154,Turner_J_M_W_Whalley_Bridge_and_Abbey_1811.jpg
1155,u0027Nightmare_u0027_an_old_woman_carrying_figures_on_her_back_folio_20_from_the_Witches_and_Old_Women_Album_u0027D_u0027_Goya_Francisco_de_Goya_y_Lucientes_.jpg
1156,Unholy_Union_Goya_Francisco_de_Goya_y_Lucientes_.jpg
1157,Vasnetsov_Viktor_Alyonushka_1881.jpg
1158,Vernet_Carle_A_Mameluck_Resting_1758_1836.jpg
1159,View_of_London_from_Greenwich_Joseph_Mallord_William_Turner.jpg
1160,View_of_Rouen_from_St_Catherine_s_Hill_Richard_Parkes_Bonington.jpg
1161,View_of_the_Interior_of_the_Duomo_Giovanni_Migliara.jpg
1162,View_of_the_Villa_Lante_on_the_Janiculum_in_Rome_John_Robert_Cozens.jpg
1163,Villaamil_Jenaro_Pérez_The_Benavente_Chapel_at_Medina_de_Rioseco_1842.jpg
1164,Villa_d_u0027Este_after_John_Robert_Cozens_1752_1797_British_and_Joseph_Mallord_William_Turner_1775_1851_British.jpg
1165,Waldmüller_Ferdinand_Georg_Bouquet_with_silver_vessels_and_antique_vase_um_1840.jpg
1166,Waldmüller_Ferdinand_Georg_Prater_Landscape_1830.jpg
1167,Waldmüller_Ferdinand_Georg_View_of_Ischl_1838.jpg
1168,Ward_James_An_Unknown_Woman_1811.jpg
1169,Ward_James_A_Satyr_39_s_Head_1836.jpg
1170,Ward_James_Hunter_in_a_landscape_1810.jpg
1171,Ward_James_Portraits_of_Two_Extraordinary_Oxen_the_Property_of_the_Earl_of_Powis_1814.jpg
1172,Ward_James_Portrait_of_Dash_a_Favourite_Spaniel_the_Property_of_Lady_Frances_Vane_Tempest_1819.jpg
1173,Ward_James_The_Reverend_Thomas_Levett_and_Favourite_Dogs_Cock_shooting_1811.jpg
1174,Ward_James_The_Straw_Yard_1810.jpg
1175,Watson_and_the_Shark_John_Singleton_Copley.jpg
1176,Watson_and_the_Shark_John_Singleton_Copley_0001.jpg
1177,Wilkie_David_Chelsea_Pensioners_Receiving_the_Gazette_Announcing_the_Battle_of_Waterloo_ca_1819.jpg
1178,Wilkie_David_Distraining_for_Rent_1815.jpg
1179,Wilkie_David_Pitlessie_Fair_1804.jpg
1180,Wilkie_David_The_Entrance_of_George_IV_at_the_Palace_of_Holyroodhouse_1828.jpg
1181,Wilkie_David_The_Highland_Family_1824.jpg
1182,Wilkie_David_The_Letter_of_Introduction_1813.jpg
1183,Wilkie_David_The_Sedan_Chair_19th_century.jpg
1184,Wilson_Richard_Dinas_Bran_from_Llangollen_1770_to_1771.jpg
1185,Wilson_Richard_Meleager_and_Atalanta_Around_1770.jpg
1186,Wilson_Richard_View_near_Wynnstay_the_Seat_of_Sir_Watkin_Williams_Wynn_fourth_Bt_1770_to_1771.jpg
1187,Winterhalter_Franz_Xaver_Self_portrait_of_the_artist_with_his_brother_1840.jpg
1188,Wint_Peter_De_Barden_Tower_Yorkshire_undated.jpg
1189,Zwinger_Palace_Dresden_Samuel_Prout.jpg
